client_id,country,acquisition_channel,acquisition_date,customer_segment,risk_profile
1,Italy,Agent,2021-04-01,Retail,High
2,Netherlands,Agent,2020-04-12,Retail,Medium
3,Spain,Agent,2023-01-31,Retail,Medium
4,Netherlands,Agent,2022-09-30,Retail,Medium
5,Netherlands,Online,2022-07-03,Retail,Medium
6,Germany,Agent,2021-07-25,Retail,Medium
7,Spain,Agent,2021-02-23,Retail,Low
8,Spain,Partner,2020-12-22,SME,Low
9,Spain,Broker,2024-09-24,Retail,High
10,Netherlands,Online,2020-05-10,Retail,Low
11,Italy,Online,2020-05-02,Retail,Low
12,Spain,Online,2021-01-18,SME,Low
13,Netherlands,Agent,2022-06-14,Retail,Low
14,Germany,Agent,2022-08-10,Retail,Medium
15,Italy,Agent,2025-08-31,SME,High
16,Germany,Partner,2020-04-18,Retail,Low
17,Italy,Broker,2022-03-25,Retail,Low
18,Netherlands,Agent,2024-09-14,Retail,Low
19,France,Broker,2022-06-21,SME,High
20,Italy,Partner,2025-01-13,Retail,Medium
21,Germany,Online,2023-02-13,SME,Low
22,Netherlands,Agent,2020-01-27,Retail,Medium
23,Italy,Broker,2021-10-15,Corporate,High
24,France,Broker,2024-09-27,SME,Medium
25,France,Agent,2023-10-25,Corporate,High
26,Spain,Online,2023-02-12,Retail,Low
27,Spain,Online,2021-09-28,SME,Medium
28,Germany,Online,2022-05-31,Retail,Low
29,Italy,Partner,2023-10-10,Retail,Medium
30,Italy,Broker,2021-02-22,Retail,Medium
31,Spain,Broker,2021-01-14,SME,Medium
32,Italy,Broker,2024-04-05,Corporate,Medium
33,Italy,Partner,2021-01-31,SME,Low
34,France,Broker,2024-01-10,Retail,Medium
35,Spain,Partner,2023-11-09,Retail,High
36,Netherlands,Online,2022-12-19,SME,High
37,Spain,Agent,2020-06-26,Retail,Low
38,Netherlands,Broker,2025-02-24,Retail,Low
39,France,Broker,2021-05-26,Retail,Low
40,Germany,Online,2024-03-30,Retail,Medium
41,Italy,Agent,2020-11-18,Retail,Medium
42,France,Partner,2023-04-15,Retail,Low
43,Italy,Agent,2024-01-21,Retail,Medium
44,Germany,Online,2022-02-26,Retail,Medium
45,Germany,Online,2020-10-11,Corporate,Medium
46,France,Agent,2020-07-06,Retail,Medium
47,Germany,Partner,2022-07-22,Retail,Medium
48,Netherlands,Partner,2023-03-31,Retail,Medium
49,Germany,Broker,2020-11-22,Retail,Low
50,Italy,Partner,2022-08-11,Corporate,Medium
51,Italy,Agent,2021-02-17,SME,Medium
52,Italy,Online,2024-04-05,Retail,High
53,Italy,Broker,2023-02-12,Retail,Medium
54,Netherlands,Broker,2025-01-31,SME,Medium
55,Spain,Online,2024-02-03,Corporate,Low
56,France,Partner,2021-10-28,Retail,Low
57,Italy,Online,2024-02-25,Retail,Low
58,Germany,Partner,2023-12-26,Retail,Low
59,Italy,Online,2022-05-08,Corporate,Medium
60,Germany,Agent,2022-12-29,Retail,High
61,Germany,Partner,2020-10-19,Corporate,Low
62,Italy,Agent,2021-12-01,Retail,Low
63,Netherlands,Broker,2025-12-27,Retail,Medium
64,Germany,Online,2022-09-29,Retail,Low
65,Germany,Broker,2021-10-31,Retail,Medium
66,Italy,Broker,2025-03-08,Retail,Medium
67,Germany,Broker,2024-04-03,Retail,Medium
68,Germany,Broker,2023-01-10,Retail,Low
69,Italy,Online,2022-06-18,SME,Low
70,Italy,Broker,2023-08-21,Retail,Medium
71,France,Online,2020-08-17,Retail,Medium
72,Netherlands,Online,2022-07-27,Corporate,Low
73,Netherlands,Agent,2020-05-11,SME,Medium
74,Germany,Partner,2023-07-16,Corporate,Low
75,Netherlands,Partner,2024-07-01,Corporate,Medium
76,Germany,Online,2023-01-01,Retail,Low
77,France,Agent,2020-09-28,Retail,High
78,Italy,Online,2022-05-14,SME,Low
79,Italy,Online,2023-07-12,Retail,Low
80,Italy,Online,2022-05-20,Retail,Low
81,Netherlands,Agent,2025-08-06,SME,Low
82,France,Partner,2024-06-08,Retail,High
83,Netherlands,Agent,2025-02-22,Retail,High
84,Netherlands,Broker,2021-08-08,Retail,Low
85,France,Agent,2022-12-20,Retail,Low
86,France,Agent,2021-07-25,Retail,Medium
87,France,Agent,2022-10-07,Retail,High
88,France,Agent,2022-12-12,SME,Medium
89,Italy,Partner,2024-10-20,Retail,Low
90,Spain,Broker,2024-06-23,Retail,Low
91,Spain,Partner,2024-01-22,SME,Medium
92,France,Partner,2022-06-17,Corporate,Low
93,Spain,Agent,2021-07-20,SME,Medium
94,Spain,Online,2025-09-18,SME,Low
95,France,Online,2025-07-14,Retail,Medium
96,Spain,Partner,2021-01-07,Retail,Low
97,Netherlands,Partner,2020-07-11,Retail,Medium
98,Germany,Agent,2021-03-25,Retail,Low
99,Germany,Partner,2021-09-18,Retail,Medium
100,France,Agent,2021-10-17,Retail,Low
101,Italy,Online,2024-09-25,SME,Medium
102,France,Online,2020-09-17,Retail,Medium
103,Italy,Broker,2024-04-25,Retail,Medium
104,Germany,Online,2024-04-12,Retail,Medium
105,France,Partner,2025-04-01,Retail,Medium
106,Netherlands,Online,2025-12-07,Retail,Medium
107,Spain,Agent,2022-10-26,SME,Low
108,Italy,Online,2020-02-17,Retail,Medium
109,Spain,Broker,2021-04-14,Retail,Low
110,Spain,Online,2022-12-28,Retail,Low
111,France,Agent,2023-10-25,SME,Low
112,Spain,Agent,2021-04-01,Retail,Low
113,Netherlands,Partner,2023-04-17,Retail,Medium
114,Spain,Online,2024-11-15,Retail,Medium
115,France,Agent,2021-10-09,Retail,Medium
116,Netherlands,Broker,2025-02-01,SME,Medium
117,Germany,Partner,2020-01-14,SME,Low
118,Spain,Broker,2022-12-14,Retail,Low
119,France,Online,2025-08-12,SME,Low
120,Germany,Online,2022-01-01,SME,Low
121,Germany,Online,2025-09-10,SME,Low
122,Italy,Partner,2021-03-11,SME,Low
123,Netherlands,Agent,2023-05-07,Retail,Medium
124,Spain,Partner,2025-09-10,Retail,Medium
125,France,Broker,2022-03-25,Retail,High
126,Italy,Partner,2021-09-18,SME,High
127,Netherlands,Broker,2024-03-11,Retail,Medium
128,Italy,Partner,2021-10-23,SME,Low
129,Netherlands,Agent,2025-12-12,SME,Medium
130,Netherlands,Broker,2020-01-03,Retail,Medium
131,Spain,Online,2023-08-20,SME,Low
132,Netherlands,Online,2025-06-24,Retail,Low
133,Italy,Partner,2020-03-20,Retail,Medium
134,Netherlands,Online,2021-04-03,SME,Low
135,Spain,Broker,2024-01-26,Retail,Medium
136,Spain,Online,2023-06-13,SME,Medium
137,Italy,Agent,2022-09-07,SME,Low
138,Germany,Agent,2020-08-25,Retail,Low
139,Germany,Partner,2022-09-13,Retail,Low
140,Netherlands,Broker,2020-11-18,Retail,Low
141,France,Agent,2020-12-16,Retail,Low
142,Netherlands,Agent,2025-06-13,Corporate,Medium
143,Italy,Broker,2020-10-10,Retail,Low
144,Italy,Online,2025-12-21,Retail,Medium
145,Italy,Online,2021-05-30,Retail,Low
146,Italy,Partner,2021-06-09,Retail,High
147,Italy,Online,2025-04-30,SME,Low
148,Spain,Broker,2021-11-07,Retail,Low
149,Germany,Agent,2022-12-21,SME,High
150,Italy,Online,2025-12-01,Retail,Medium
151,France,Partner,2024-09-29,Corporate,Low
152,France,Online,2022-05-17,Retail,Medium
153,France,Broker,2022-04-03,Retail,Low
154,France,Partner,2023-06-30,Corporate,Low
155,Spain,Online,2024-06-22,Retail,Low
156,France,Partner,2024-03-09,Corporate,Low
157,Italy,Broker,2024-11-29,Retail,Medium
158,Netherlands,Agent,2025-10-20,Retail,Low
159,France,Broker,2025-01-23,Retail,Low
160,Spain,Broker,2021-05-10,SME,Medium
161,Spain,Broker,2022-10-12,Retail,Medium
162,France,Broker,2022-07-09,Retail,Low
163,Netherlands,Agent,2020-09-19,Retail,Medium
164,France,Agent,2023-10-16,Retail,Low
165,Spain,Partner,2020-03-27,Retail,Medium
166,Germany,Online,2022-07-31,SME,Medium
167,Italy,Agent,2022-06-21,Corporate,High
168,Spain,Agent,2020-01-30,Corporate,Low
169,France,Online,2020-10-17,SME,Low
170,Italy,Agent,2020-08-29,Retail,Low
171,France,Broker,2022-07-26,SME,Low
172,France,Broker,2020-10-03,Retail,Low
173,Germany,Online,2020-05-08,Retail,High
174,Italy,Partner,2023-09-15,Retail,Low
175,Italy,Partner,2020-10-17,Retail,Low
176,Germany,Online,2025-10-06,SME,Medium
177,Spain,Online,2022-09-01,Retail,Low
178,France,Broker,2023-02-14,Retail,Medium
179,Netherlands,Partner,2025-06-11,Retail,Low
180,France,Agent,2022-05-27,Corporate,Low
181,France,Broker,2021-06-25,Retail,Low
182,Spain,Online,2025-04-20,Retail,Low
183,France,Partner,2022-09-22,Retail,High
184,Germany,Agent,2025-04-21,SME,Low
185,Germany,Agent,2024-07-25,Retail,Medium
186,Italy,Broker,2022-02-18,Retail,Low
187,Netherlands,Partner,2021-01-21,Retail,Low
188,France,Partner,2021-02-01,Retail,High
189,France,Online,2024-10-31,Retail,Low
190,Spain,Partner,2023-12-22,Retail,Medium
191,Germany,Partner,2024-09-30,Corporate,High
192,Netherlands,Broker,2024-08-10,Retail,Medium
193,Italy,Partner,2025-03-27,Retail,High
194,Germany,Agent,2020-08-09,Corporate,Low
195,Italy,Broker,2021-02-07,Retail,Low
196,Spain,Broker,2020-09-05,Retail,Low
197,Spain,Online,2024-07-07,Retail,Medium
198,France,Partner,2023-10-21,Retail,High
199,Netherlands,Online,2021-03-23,Corporate,Low
200,Italy,Agent,2022-10-15,Retail,Medium
201,Germany,Broker,2022-02-23,SME,Low
202,Spain,Broker,2022-02-18,Retail,Medium
203,France,Broker,2025-01-11,Retail,Low
204,France,Agent,2021-07-28,Retail,High
205,Italy,Agent,2024-09-24,Retail,Medium
206,Spain,Online,2022-01-21,Retail,Low
207,Netherlands,Online,2023-02-14,SME,Low
208,Spain,Online,2025-03-09,Retail,Low
209,Italy,Partner,2022-10-20,Corporate,Low
210,Italy,Broker,2020-11-04,Retail,Low
211,Spain,Broker,2024-12-20,SME,High
212,Italy,Online,2021-02-05,SME,Medium
213,Spain,Broker,2020-07-26,SME,Medium
214,Germany,Online,2020-03-01,SME,Low
215,Spain,Partner,2021-01-17,SME,High
216,Spain,Partner,2022-08-26,Retail,Medium
217,Italy,Agent,2021-11-12,Retail,Low
218,Italy,Partner,2024-07-22,Retail,Medium
219,France,Online,2025-06-12,Corporate,Medium
220,France,Partner,2025-05-25,Retail,Low
221,Germany,Agent,2022-05-25,SME,Low
222,France,Broker,2024-06-30,Retail,Low
223,Spain,Online,2020-08-28,Retail,Low
224,Italy,Broker,2021-11-05,Retail,High
225,France,Agent,2024-04-01,Retail,Medium
226,France,Agent,2020-01-09,Retail,Medium
227,Germany,Agent,2024-05-18,Retail,Low
228,Germany,Broker,2022-12-22,Retail,Low
229,Spain,Broker,2025-02-06,Retail,Medium
230,Italy,Broker,2023-03-14,Retail,Medium
231,Germany,Broker,2024-09-28,Retail,Low
232,France,Agent,2025-06-16,SME,Medium
233,Italy,Agent,2021-09-26,Retail,Medium
234,Italy,Online,2022-02-16,Retail,Low
235,France,Online,2023-04-30,Retail,Low
236,Germany,Broker,2022-06-10,Retail,Medium
237,France,Partner,2020-08-27,Retail,Low
238,Italy,Partner,2020-09-06,Retail,Low
239,Netherlands,Agent,2023-07-08,Retail,Low
240,Netherlands,Agent,2020-08-22,Retail,Low
241,Spain,Agent,2020-07-24,Retail,Medium
242,France,Online,2025-05-06,SME,Medium
243,France,Online,2025-08-21,SME,Low
244,Spain,Agent,2025-12-15,Retail,High
245,Spain,Agent,2021-10-06,Retail,High
246,Spain,Agent,2020-08-20,Retail,High
247,Italy,Partner,2025-09-11,Retail,Low
248,France,Online,2020-11-24,Corporate,Low
249,Italy,Partner,2022-01-31,Retail,High
250,Spain,Partner,2020-10-07,Retail,Medium
251,France,Agent,2020-10-05,Retail,Low
252,Italy,Agent,2022-08-21,SME,Low
253,Italy,Broker,2024-07-11,Retail,Low
254,Spain,Broker,2021-05-06,Retail,High
255,France,Partner,2022-10-05,Retail,Medium
256,Spain,Online,2020-06-11,Retail,Low
257,France,Agent,2020-12-01,Retail,Low
258,Netherlands,Agent,2024-09-13,Retail,Medium
259,Germany,Partner,2025-11-11,Retail,Medium
260,Germany,Broker,2023-07-19,Retail,Low
261,Germany,Online,2022-12-04,Retail,Medium
262,Spain,Broker,2022-04-16,Retail,High
263,Netherlands,Broker,2023-07-10,Retail,Low
264,France,Broker,2022-09-04,Retail,Medium
265,Italy,Broker,2022-12-23,SME,Low
266,France,Agent,2024-06-09,Retail,Medium
267,Italy,Agent,2021-06-20,Retail,Medium
268,France,Broker,2023-05-13,Retail,Medium
269,Netherlands,Online,2025-02-15,Retail,Medium
270,Italy,Partner,2023-07-19,SME,Low
271,Spain,Online,2020-10-24,Retail,High
272,France,Online,2020-02-08,Corporate,Medium
273,France,Online,2025-02-20,Retail,Low
274,Italy,Broker,2021-02-13,Retail,Medium
275,Spain,Agent,2020-10-27,SME,Medium
276,Spain,Online,2022-05-23,SME,Low
277,Netherlands,Broker,2025-09-03,SME,High
278,Spain,Online,2022-12-22,SME,High
279,Spain,Online,2021-06-26,Retail,Low
280,Spain,Broker,2023-11-30,SME,High
281,Germany,Agent,2020-10-08,Retail,Low
282,Netherlands,Agent,2022-09-27,SME,Low
283,France,Partner,2024-02-22,Retail,Low
284,Italy,Broker,2023-03-13,SME,High
285,France,Partner,2021-10-08,Retail,Medium
286,Netherlands,Partner,2024-11-29,Retail,Low
287,Italy,Partner,2023-05-24,Retail,Low
288,Netherlands,Agent,2025-12-06,SME,Medium
289,Spain,Broker,2020-02-02,Retail,Low
290,Italy,Partner,2023-05-11,Retail,High
291,Spain,Broker,2021-02-28,Retail,Medium
292,France,Broker,2021-07-04,Retail,Medium
293,France,Agent,2022-12-19,SME,High
294,Italy,Partner,2021-04-17,Retail,Low
295,Italy,Partner,2021-03-14,Corporate,High
296,Netherlands,Broker,2021-09-28,Retail,Medium
297,Netherlands,Online,2023-01-20,Retail,Medium
298,Spain,Agent,2023-02-28,SME,Low
299,Italy,Agent,2022-05-12,Retail,High
300,France,Agent,2023-11-05,Retail,Low
301,Netherlands,Agent,2022-04-13,Retail,Low
302,Netherlands,Partner,2022-12-17,SME,Low
303,France,Partner,2025-09-01,Retail,Medium
304,Netherlands,Online,2025-06-24,Corporate,Medium
305,Spain,Agent,2022-10-25,Corporate,Medium
306,Italy,Agent,2020-07-27,Retail,High
307,France,Broker,2021-01-13,Retail,Low
308,Italy,Partner,2024-09-30,Retail,Medium
309,Netherlands,Agent,2023-02-07,Retail,Low
310,Netherlands,Online,2020-06-29,Retail,High
311,France,Online,2020-01-15,Retail,Medium
312,Spain,Partner,2023-09-28,Retail,Medium
313,Germany,Online,2021-06-19,SME,Medium
314,France,Online,2022-12-08,SME,Low
315,Germany,Partner,2021-10-23,SME,Low
316,Germany,Agent,2024-12-14,Retail,Medium
317,Spain,Agent,2024-10-17,Retail,Low
318,Germany,Online,2020-02-09,Retail,Low
319,Germany,Online,2021-04-03,Corporate,Low
320,Spain,Agent,2020-11-04,Retail,Medium
321,Germany,Partner,2021-09-02,SME,Low
322,Germany,Online,2020-05-27,Retail,Low
323,Germany,Broker,2024-02-21,Retail,Medium
324,France,Partner,2021-08-29,SME,Medium
325,France,Online,2024-10-26,Retail,Low
326,France,Online,2021-06-06,SME,Low
327,Spain,Broker,2020-06-20,Corporate,Low
328,Netherlands,Broker,2023-06-16,Retail,Low
329,Germany,Agent,2024-02-02,Retail,Low
330,Germany,Partner,2020-06-12,Retail,Medium
331,Spain,Partner,2024-01-05,Corporate,Medium
332,Germany,Agent,2022-05-10,Retail,Medium
333,France,Partner,2022-10-19,Retail,Low
334,Netherlands,Partner,2021-02-25,Retail,Medium
335,Italy,Partner,2023-12-19,SME,Low
336,Germany,Partner,2024-07-22,Retail,High
337,France,Partner,2021-09-25,SME,Medium
338,Italy,Broker,2022-08-27,Corporate,Low
339,Netherlands,Partner,2021-10-27,Retail,Medium
340,Italy,Broker,2021-12-26,Retail,Low
341,France,Partner,2024-08-15,Corporate,Medium
342,Italy,Agent,2020-04-11,Retail,Low
343,Spain,Online,2022-01-04,SME,Low
344,Italy,Broker,2023-09-22,Retail,High
345,Germany,Partner,2024-08-13,Retail,Low
346,Germany,Agent,2022-10-13,SME,Medium
347,Spain,Online,2022-12-28,Retail,Low
348,France,Broker,2021-10-14,Retail,Medium
349,Germany,Online,2021-03-18,Retail,Medium
350,Netherlands,Agent,2024-04-15,Retail,Medium
351,Germany,Broker,2020-06-07,Retail,Low
352,Germany,Online,2025-04-11,Retail,Low
353,France,Partner,2022-06-30,Corporate,Low
354,Italy,Broker,2022-03-28,Retail,Low
355,Germany,Online,2025-02-28,Retail,Medium
356,Spain,Agent,2023-12-03,Retail,High
357,Italy,Agent,2023-06-04,SME,High
358,Netherlands,Broker,2022-07-21,Retail,Medium
359,France,Online,2022-07-02,Corporate,Medium
360,Netherlands,Broker,2020-04-06,Retail,Medium
361,Italy,Broker,2022-03-02,Retail,Low
362,Italy,Online,2024-06-20,Retail,High
363,Italy,Online,2023-09-06,Retail,Medium
364,Netherlands,Partner,2023-02-15,Retail,Medium
365,Italy,Online,2020-10-11,Retail,Low
366,Netherlands,Agent,2023-02-17,SME,Low
367,Italy,Broker,2023-12-09,Retail,Low
368,Spain,Broker,2025-09-17,Retail,High
369,Italy,Agent,2024-06-25,Retail,Medium
370,Netherlands,Online,2023-09-18,SME,Low
371,Germany,Agent,2020-04-23,Retail,High
372,Italy,Agent,2021-04-17,Retail,Low
373,Germany,Partner,2022-12-05,Retail,Low
374,Spain,Agent,2022-01-01,SME,Low
375,France,Broker,2022-12-23,Retail,Medium
376,Spain,Agent,2020-06-05,Retail,High
377,Italy,Broker,2021-03-20,SME,Low
378,Germany,Broker,2024-11-14,SME,High
379,Germany,Broker,2023-11-16,Retail,Low
380,Netherlands,Online,2023-07-08,SME,High
381,Germany,Partner,2024-11-22,Retail,Medium
382,Netherlands,Broker,2025-09-25,Retail,Medium
383,France,Broker,2021-04-18,Retail,Low
384,Italy,Online,2024-04-26,Retail,High
385,Netherlands,Broker,2022-02-17,Retail,Medium
386,France,Agent,2022-11-09,Corporate,Low
387,Germany,Agent,2020-06-30,Retail,Medium
388,Germany,Partner,2024-11-21,Retail,Low
389,France,Broker,2020-01-07,Retail,High
390,Germany,Online,2025-10-30,Corporate,Low
391,France,Agent,2022-03-18,Retail,Medium
392,Netherlands,Online,2024-01-31,Retail,Medium
393,Netherlands,Online,2024-11-01,Retail,Low
394,France,Agent,2020-10-13,Retail,Low
395,Netherlands,Online,2023-09-14,Corporate,Low
396,Netherlands,Agent,2023-07-09,Corporate,Low
397,Netherlands,Online,2021-05-25,Retail,Low
398,Spain,Agent,2023-05-15,Corporate,Medium
399,Italy,Broker,2025-09-08,Retail,Low
400,Germany,Partner,2023-06-20,SME,Low
401,Spain,Agent,2024-07-30,Retail,Medium
402,Netherlands,Agent,2023-08-29,Retail,Low
403,France,Partner,2024-07-06,Retail,High
404,Netherlands,Agent,2023-04-26,Retail,High
405,Italy,Agent,2021-06-05,Retail,Medium
406,Netherlands,Online,2022-02-24,Retail,Medium
407,France,Partner,2024-09-18,Retail,High
408,Italy,Broker,2024-04-01,SME,Low
409,Netherlands,Agent,2021-12-13,Retail,Low
410,Italy,Partner,2023-05-17,Retail,Low
411,Germany,Online,2024-07-21,Corporate,Medium
412,Germany,Broker,2020-01-02,Retail,Low
413,Netherlands,Partner,2023-05-29,Retail,Medium
414,Italy,Broker,2023-03-21,Retail,High
415,France,Broker,2022-05-10,SME,High
416,Netherlands,Broker,2024-10-26,Retail,Medium
417,Germany,Agent,2023-08-12,Retail,Low
418,Germany,Agent,2025-03-19,SME,Medium
419,Netherlands,Online,2024-12-14,Corporate,Medium
420,Italy,Online,2024-12-16,Retail,Low
421,Germany,Partner,2022-05-25,Retail,Low
422,Italy,Online,2025-09-24,Retail,High
423,Germany,Broker,2025-04-22,SME,Medium
424,Germany,Broker,2021-11-26,Retail,Medium
425,Spain,Agent,2020-12-13,Retail,High
426,Germany,Broker,2023-03-08,Corporate,Medium
427,France,Partner,2025-10-12,Retail,Medium
428,Netherlands,Broker,2023-10-04,Retail,Low
429,Netherlands,Broker,2021-01-17,Retail,Low
430,Italy,Partner,2022-08-20,Retail,Low
431,Germany,Online,2023-06-25,Retail,Medium
432,France,Online,2022-07-09,Retail,Medium
433,Italy,Partner,2022-03-26,Retail,High
434,Spain,Agent,2021-08-26,Retail,Low
435,Italy,Broker,2020-04-10,Corporate,Medium
436,Italy,Partner,2020-07-08,Retail,Medium
437,Germany,Broker,2022-09-29,Corporate,Medium
438,Spain,Agent,2025-04-30,Retail,Medium
439,Italy,Broker,2020-10-25,SME,Low
440,France,Partner,2025-02-08,SME,Medium
441,France,Broker,2024-08-24,Retail,Low
442,Netherlands,Online,2022-03-07,SME,Low
443,Spain,Agent,2024-04-21,SME,Low
444,Spain,Agent,2025-07-17,Retail,Medium
445,Netherlands,Agent,2024-06-24,Retail,High
446,Italy,Partner,2022-09-26,Retail,Medium
447,Spain,Agent,2021-08-27,SME,Medium
448,France,Online,2020-01-23,SME,Medium
449,France,Partner,2021-03-12,SME,Medium
450,Germany,Online,2024-10-07,Retail,Low
451,Spain,Broker,2022-06-15,SME,Low
452,Italy,Broker,2021-12-21,Retail,Low
453,Netherlands,Broker,2025-10-22,Retail,Low
454,Netherlands,Broker,2025-03-17,Retail,Low
455,Italy,Online,2020-07-24,Retail,Low
456,Germany,Partner,2022-10-17,Retail,Low
457,Netherlands,Partner,2021-05-12,Retail,High
458,Spain,Agent,2025-02-12,Retail,Low
459,Germany,Online,2021-06-30,Retail,Low
460,Spain,Broker,2025-03-18,Retail,Low
461,France,Online,2025-12-15,Retail,Medium
462,Germany,Agent,2023-07-23,Retail,Low
463,Netherlands,Agent,2024-12-17,Retail,Low
464,Germany,Online,2025-08-29,Retail,Medium
465,Germany,Online,2024-10-13,Retail,Low
466,Germany,Online,2024-12-31,Retail,Low
467,Germany,Partner,2021-10-13,Retail,Low
468,Spain,Broker,2025-04-28,Retail,Low
469,France,Online,2025-01-17,Retail,Low
470,Italy,Online,2022-11-27,SME,Low
471,Germany,Online,2022-10-09,Retail,Medium
472,Netherlands,Agent,2023-02-09,Retail,Medium
473,Germany,Agent,2025-11-05,Retail,Medium
474,Netherlands,Partner,2025-06-07,Retail,Low
475,Spain,Broker,2022-09-06,Retail,High
476,Netherlands,Partner,2023-01-29,Retail,Low
477,Italy,Broker,2024-12-06,Retail,Low
478,France,Agent,2020-11-13,Retail,Medium
479,Netherlands,Agent,2023-03-16,Retail,Low
480,Netherlands,Agent,2022-08-18,SME,Low
481,France,Partner,2023-01-17,SME,Medium
482,Italy,Online,2023-10-07,SME,High
483,Germany,Online,2023-08-02,Corporate,Low
484,Netherlands,Agent,2020-11-26,Retail,Medium
485,France,Online,2021-07-20,Retail,High
486,Spain,Online,2021-09-09,Retail,Low
487,France,Partner,2022-08-05,Retail,Low
488,Spain,Broker,2024-04-17,SME,Low
489,Italy,Agent,2021-09-17,Retail,Low
490,Germany,Agent,2022-05-26,Corporate,Low
491,France,Partner,2020-09-20,Retail,High
492,Netherlands,Partner,2024-08-26,Corporate,Medium
493,Italy,Online,2024-07-27,Retail,Medium
494,France,Agent,2023-09-17,Retail,Low
495,Netherlands,Broker,2025-03-23,Retail,Medium
496,France,Partner,2024-08-30,Retail,High
497,Spain,Broker,2020-09-12,Retail,Medium
498,France,Broker,2022-04-27,Retail,Low
499,France,Agent,2024-09-16,SME,Medium
500,France,Agent,2024-05-14,Retail,Low
501,Italy,Partner,2020-03-21,Retail,Low
502,France,Agent,2024-04-07,Retail,Low
503,Netherlands,Agent,2025-05-07,SME,Medium
504,Spain,Agent,2020-01-25,Retail,Medium
505,Spain,Broker,2023-12-11,Retail,Low
506,France,Partner,2023-05-08,Retail,Low
507,Italy,Online,2024-05-16,Retail,Low
508,Italy,Broker,2024-09-12,Retail,Low
509,Netherlands,Agent,2022-06-22,Retail,Low
510,France,Broker,2025-06-22,Retail,Low
511,Spain,Agent,2022-06-17,SME,Medium
512,Italy,Agent,2023-01-22,Retail,Low
513,France,Broker,2024-11-20,Retail,Low
514,Italy,Partner,2025-06-12,Retail,Low
515,Italy,Agent,2020-04-28,Corporate,High
516,Spain,Partner,2024-05-11,Retail,Medium
517,Germany,Online,2023-10-08,SME,Medium
518,Netherlands,Agent,2024-07-14,Retail,Low
519,Netherlands,Partner,2021-11-07,Retail,Medium
520,Spain,Partner,2025-03-29,Retail,Low
521,Italy,Online,2021-06-06,Corporate,Medium
522,France,Partner,2025-12-27,Retail,High
523,Italy,Partner,2020-04-20,SME,Medium
524,Spain,Online,2024-06-01,SME,High
525,Netherlands,Agent,2020-04-21,Retail,Medium
526,Italy,Partner,2020-12-09,Retail,Low
527,Netherlands,Partner,2024-10-21,Retail,High
528,France,Partner,2021-07-09,Retail,Low
529,Netherlands,Broker,2025-03-06,SME,Medium
530,Netherlands,Online,2022-01-14,Corporate,Low
531,Germany,Broker,2020-07-24,Retail,Low
532,Germany,Online,2022-12-01,Retail,Low
533,Germany,Agent,2024-04-01,SME,Low
534,Netherlands,Agent,2023-09-02,Retail,Low
535,Spain,Partner,2022-05-16,SME,Medium
536,Netherlands,Online,2025-02-05,Retail,Low
537,Spain,Agent,2023-08-31,Retail,Low
538,Spain,Online,2023-10-14,Retail,Medium
539,Germany,Agent,2024-04-01,Retail,Low
540,Italy,Broker,2023-02-13,Retail,Medium
541,France,Agent,2024-09-22,Retail,Medium
542,Germany,Broker,2022-10-30,Retail,Medium
543,Germany,Agent,2020-12-01,SME,Medium
544,Italy,Partner,2025-04-10,SME,Low
545,France,Broker,2020-03-20,Retail,Medium
546,Netherlands,Agent,2020-08-01,Retail,Low
547,Netherlands,Partner,2023-12-04,Retail,Low
548,Germany,Broker,2022-07-07,Retail,Medium
549,France,Partner,2020-10-08,Retail,Low
550,Germany,Online,2020-06-13,Retail,Medium
551,Spain,Online,2020-05-07,Retail,Medium
552,Germany,Broker,2022-10-09,Retail,High
553,Germany,Agent,2022-03-27,Retail,High
554,Netherlands,Broker,2020-03-24,Retail,Low
555,Netherlands,Partner,2021-09-16,Corporate,Low
556,Netherlands,Agent,2022-09-04,Retail,Medium
557,Spain,Online,2021-06-01,Retail,Low
558,Netherlands,Agent,2025-04-23,Retail,Medium
559,France,Online,2021-04-13,Retail,Medium
560,Italy,Agent,2022-06-11,SME,Medium
561,France,Agent,2025-03-19,Retail,Low
562,France,Agent,2022-11-15,Corporate,Low
563,Netherlands,Partner,2024-02-19,Retail,Low
564,Italy,Partner,2021-11-18,Retail,Low
565,Italy,Broker,2021-04-14,SME,High
566,Italy,Broker,2021-11-01,Retail,Low
567,Spain,Online,2023-06-28,Retail,Low
568,Netherlands,Partner,2021-03-18,Retail,Low
569,Italy,Online,2020-04-15,Retail,Medium
570,Spain,Broker,2023-07-01,SME,Medium
571,Germany,Online,2024-03-17,Retail,Low
572,Germany,Broker,2024-06-12,Retail,Low
573,Spain,Partner,2022-03-23,Retail,Low
574,Spain,Agent,2020-11-07,Retail,Low
575,Netherlands,Partner,2022-09-21,Retail,Medium
576,Netherlands,Online,2021-02-21,Retail,Medium
577,Germany,Online,2023-05-20,Retail,Low
578,Italy,Partner,2021-05-10,SME,Low
579,Germany,Partner,2020-06-17,Retail,High
580,Italy,Broker,2023-11-23,Retail,Low
581,Italy,Online,2025-12-22,SME,Medium
582,Netherlands,Online,2024-10-20,Retail,Low
583,France,Partner,2024-02-26,Retail,Low
584,France,Agent,2020-10-09,Retail,Low
585,Spain,Online,2025-09-03,Retail,Medium
586,Netherlands,Agent,2023-10-29,Retail,High
587,Italy,Partner,2020-02-21,Corporate,Low
588,France,Partner,2024-09-16,Retail,Low
589,Italy,Broker,2025-06-30,Retail,Low
590,France,Online,2021-03-08,SME,Low
591,France,Agent,2024-11-10,Retail,Low
592,France,Broker,2024-01-23,Retail,Low
593,Netherlands,Online,2025-02-26,Retail,Medium
594,Germany,Broker,2021-09-18,Corporate,Low
595,Italy,Partner,2024-11-18,Retail,Low
596,Netherlands,Online,2021-12-22,Retail,High
597,Netherlands,Broker,2025-11-07,Retail,Low
598,Netherlands,Broker,2023-01-11,Retail,High
599,Netherlands,Agent,2025-06-03,Retail,Low
600,Netherlands,Broker,2025-03-19,Retail,High
601,Spain,Online,2024-11-19,SME,Medium
602,Italy,Online,2023-01-04,Retail,Medium
603,Netherlands,Agent,2023-08-13,Retail,High
604,Italy,Online,2022-10-02,SME,Low
605,Spain,Partner,2020-12-20,Corporate,High
606,Spain,Online,2023-02-16,Retail,Low
607,Italy,Online,2025-01-20,Retail,Low
608,France,Broker,2022-09-25,Retail,Low
609,Germany,Broker,2025-03-18,Corporate,Medium
610,France,Online,2024-04-01,Corporate,Low
611,France,Agent,2023-10-09,Retail,Medium
612,France,Broker,2020-04-27,SME,Medium
613,Netherlands,Agent,2025-07-17,Retail,Medium
614,Spain,Online,2023-08-24,Retail,Medium
615,France,Online,2022-01-14,Retail,Low
616,Spain,Partner,2025-06-20,SME,Low
617,Italy,Broker,2022-05-18,Retail,Low
618,Germany,Online,2023-12-24,SME,Low
619,Italy,Partner,2022-11-24,SME,Low
620,Italy,Broker,2023-10-26,SME,Low
621,Netherlands,Online,2023-02-19,Retail,Low
622,Germany,Online,2023-02-05,Retail,High
623,Italy,Broker,2020-02-11,Retail,Medium
624,Italy,Broker,2025-10-17,Retail,Low
625,Germany,Broker,2022-02-21,Retail,Medium
626,Germany,Online,2020-12-16,Corporate,Low
627,Italy,Online,2022-09-15,Retail,Low
628,Germany,Partner,2024-07-22,Retail,Medium
629,Italy,Agent,2025-06-24,Retail,Low
630,Italy,Broker,2022-09-11,Retail,Low
631,Netherlands,Online,2025-05-04,Retail,High
632,France,Online,2025-07-03,Retail,High
633,Italy,Broker,2025-01-09,Corporate,Medium
634,Spain,Agent,2020-03-11,Retail,Medium
635,France,Broker,2021-01-16,Corporate,Medium
636,France,Agent,2023-04-20,SME,Low
637,France,Online,2022-06-26,Retail,Low
638,Netherlands,Agent,2024-07-14,Corporate,Low
639,Italy,Partner,2022-09-23,Retail,Low
640,Netherlands,Online,2023-06-08,SME,Medium
641,Italy,Partner,2024-02-20,Retail,Low
642,Netherlands,Broker,2025-04-22,SME,High
643,Netherlands,Broker,2025-12-14,SME,High
644,Spain,Broker,2023-11-09,SME,Medium
645,Netherlands,Agent,2024-10-08,SME,Medium
646,Germany,Online,2023-09-16,Retail,High
647,Spain,Broker,2023-12-12,Retail,Low
648,Netherlands,Broker,2025-02-01,Retail,Medium
649,France,Online,2023-01-14,Retail,Low
650,Germany,Broker,2023-06-09,Retail,Medium
651,Germany,Partner,2022-10-26,Retail,Low
652,Germany,Online,2022-08-02,Corporate,High
653,Spain,Online,2021-05-09,Retail,High
654,Netherlands,Online,2022-02-27,SME,Low
655,Netherlands,Partner,2023-07-16,Retail,Low
656,France,Online,2021-05-04,SME,High
657,France,Partner,2022-01-28,Corporate,Low
658,Germany,Online,2022-02-23,Retail,High
659,France,Agent,2022-06-05,Retail,Medium
660,Spain,Broker,2025-06-06,SME,Low
661,Netherlands,Agent,2023-02-06,Retail,Low
662,Germany,Broker,2025-11-18,Retail,Low
663,France,Partner,2023-03-05,Retail,Medium
664,Spain,Agent,2021-02-15,Retail,Low
665,Spain,Online,2022-03-06,Retail,Medium
666,France,Broker,2023-04-28,Retail,Low
667,Netherlands,Broker,2022-07-20,Retail,Medium
668,France,Agent,2024-01-18,Retail,High
669,Germany,Partner,2022-01-04,Corporate,High
670,France,Agent,2023-05-23,Retail,Low
671,Spain,Partner,2020-02-27,Corporate,Medium
672,France,Partner,2025-12-27,Retail,Medium
673,Netherlands,Broker,2021-06-02,Retail,Medium
674,Italy,Agent,2023-01-28,Retail,High
675,France,Agent,2020-07-05,Retail,Low
676,Netherlands,Partner,2020-08-11,Retail,Low
677,Netherlands,Agent,2023-04-11,Retail,High
678,Spain,Online,2021-06-01,Retail,Low
679,Netherlands,Online,2025-07-03,Retail,Medium
680,Netherlands,Agent,2021-02-24,Retail,High
681,Netherlands,Agent,2020-02-20,Retail,Low
682,Netherlands,Partner,2023-03-10,Retail,High
683,Germany,Online,2025-04-06,SME,Low
684,Germany,Online,2025-05-14,Retail,Medium
685,Spain,Broker,2024-12-09,Retail,Medium
686,France,Partner,2023-10-27,Corporate,High
687,Netherlands,Broker,2022-01-25,Retail,Low
688,France,Online,2020-07-29,Retail,Low
689,France,Partner,2022-10-31,Corporate,Medium
690,Spain,Agent,2025-05-10,Retail,Medium
691,Netherlands,Partner,2021-04-12,Retail,Medium
692,Netherlands,Agent,2020-09-24,Retail,Low
693,Italy,Agent,2024-06-29,Retail,Low
694,France,Partner,2025-07-07,Retail,Low
695,France,Agent,2020-10-30,Retail,Medium
696,Germany,Broker,2020-08-07,Retail,Low
697,Italy,Online,2021-09-13,Retail,Low
698,Germany,Agent,2021-09-03,Corporate,High
699,Germany,Broker,2023-05-29,SME,Low
700,Germany,Agent,2020-12-14,Retail,High
701,Spain,Online,2022-10-13,Retail,Medium
702,Spain,Broker,2021-04-30,Retail,Medium
703,Germany,Online,2024-08-31,Retail,Low
704,Italy,Online,2022-07-13,Retail,Low
705,France,Broker,2025-11-10,Retail,Medium
706,Italy,Broker,2024-04-07,SME,Medium
707,Netherlands,Broker,2025-01-19,Retail,Medium
708,Spain,Partner,2024-12-18,Retail,Low
709,France,Broker,2023-05-02,Retail,Medium
710,France,Broker,2024-10-22,Retail,Medium
711,Netherlands,Broker,2023-06-04,SME,Medium
712,Netherlands,Broker,2020-09-03,SME,Medium
713,Germany,Agent,2021-02-10,SME,Medium
714,Spain,Partner,2022-05-01,Retail,Medium
715,Spain,Online,2022-05-14,Retail,Low
716,Italy,Broker,2022-12-19,Retail,Low
717,Germany,Agent,2020-11-28,Retail,Low
718,Germany,Agent,2021-10-05,Retail,Low
719,Germany,Agent,2022-09-09,SME,Low
720,Germany,Online,2021-12-12,Retail,Low
721,Spain,Broker,2020-11-03,Retail,Low
722,Spain,Partner,2021-10-03,Retail,Low
723,Germany,Partner,2020-01-11,Retail,Medium
724,Italy,Agent,2024-07-31,Retail,High
725,France,Online,2025-01-19,Corporate,Low
726,France,Online,2025-04-08,SME,High
727,Italy,Online,2023-04-07,Corporate,Medium
728,Germany,Partner,2020-05-13,Retail,Low
729,Spain,Agent,2022-08-06,Retail,Low
730,France,Broker,2023-03-26,Retail,Medium
731,Netherlands,Partner,2023-03-04,Retail,Medium
732,Netherlands,Agent,2025-02-02,SME,Medium
733,Italy,Agent,2020-10-18,Retail,Low
734,Germany,Broker,2022-08-14,Retail,Low
735,France,Broker,2022-12-19,Retail,Low
736,Germany,Broker,2022-03-21,Retail,Low
737,France,Online,2024-10-07,SME,Low
738,Italy,Broker,2021-04-15,Retail,Low
739,Italy,Agent,2022-07-09,Retail,Medium
740,Netherlands,Broker,2021-09-02,Retail,High
741,Germany,Agent,2022-12-24,Retail,Low
742,Netherlands,Partner,2021-08-05,SME,High
743,Germany,Online,2020-10-19,SME,Low
744,Netherlands,Partner,2020-09-01,Corporate,Low
745,Spain,Partner,2021-11-10,SME,Low
746,Spain,Agent,2023-06-13,Retail,Medium
747,Spain,Partner,2023-03-28,Retail,High
748,Spain,Agent,2024-12-03,Retail,Medium
749,France,Broker,2021-05-24,Retail,Low
750,Spain,Broker,2025-04-03,SME,Medium
751,Italy,Agent,2023-05-30,Retail,Low
752,Italy,Broker,2024-07-06,Corporate,High
753,France,Online,2023-01-20,Retail,Medium
754,Spain,Partner,2025-08-11,Retail,Low
755,Spain,Online,2025-07-15,Retail,Medium
756,Spain,Partner,2024-11-28,SME,Medium
757,Netherlands,Broker,2020-11-25,Retail,Low
758,Germany,Online,2020-06-12,Retail,Medium
759,Netherlands,Broker,2024-11-04,Retail,Low
760,Germany,Partner,2023-08-13,Retail,Medium
761,Spain,Agent,2022-10-22,Retail,Medium
762,Spain,Agent,2020-04-15,SME,Medium
763,Netherlands,Online,2021-01-09,Retail,Medium
764,Netherlands,Broker,2022-07-26,Retail,Medium
765,Germany,Broker,2020-03-25,Retail,Low
766,Italy,Online,2023-01-08,Retail,Medium
767,Germany,Agent,2020-06-13,SME,Low
768,Netherlands,Partner,2021-12-18,Retail,Low
769,Netherlands,Online,2025-04-11,Retail,Low
770,France,Partner,2025-10-26,Retail,Low
771,Netherlands,Agent,2024-12-16,Corporate,Medium
772,France,Broker,2023-02-13,SME,Low
773,Italy,Agent,2022-01-13,Retail,Medium
774,Germany,Online,2024-11-20,Retail,Low
775,Germany,Broker,2025-07-07,Retail,Low
776,France,Online,2021-01-08,SME,Medium
777,Germany,Online,2025-04-09,Retail,Low
778,Netherlands,Agent,2023-11-26,Retail,Low
779,Spain,Online,2024-07-30,Retail,Medium
780,France,Agent,2023-09-27,Retail,Low
781,Germany,Broker,2023-08-08,Retail,Medium
782,France,Agent,2021-03-04,SME,Low
783,France,Broker,2021-10-20,Retail,Low
784,Spain,Agent,2023-09-12,Retail,Medium
785,Netherlands,Partner,2024-08-13,Retail,Low
786,France,Partner,2025-07-22,Corporate,Low
787,Germany,Online,2023-03-26,Retail,Low
788,Italy,Agent,2024-06-28,SME,Low
789,France,Agent,2020-05-30,Retail,Medium
790,France,Broker,2025-02-05,Retail,Low
791,Spain,Online,2020-12-26,Retail,Medium
792,Netherlands,Agent,2023-07-12,Retail,High
793,Italy,Online,2022-10-30,Retail,Low
794,Germany,Partner,2023-08-17,SME,High
795,Italy,Agent,2021-04-19,Retail,Low
796,Germany,Agent,2024-07-13,Retail,High
797,Netherlands,Online,2025-10-08,Retail,Low
798,Germany,Agent,2020-01-05,Corporate,Medium
799,Spain,Online,2025-03-07,SME,Low
800,Spain,Agent,2024-08-19,Retail,Low
