policy_id,client_id,product_type,start_date,annual_premium,policy_status
1,729,SME Insurance,2020-08-10,1262.68,Active
2,632,SME Insurance,2022-02-07,1609.41,Active
3,175,Home Insurance,2025-10-24,1270.11,Active
4,23,Home Insurance,2024-01-21,665.31,Expired
5,725,Health Insurance,2025-08-03,1035.27,Cancelled
6,235,Auto Insurance,2024-12-15,1252.77,Active
7,13,SME Insurance,2020-07-30,1018.18,Active
8,101,Health Insurance,2022-04-13,1112.54,Active
9,536,Life Insurance,2022-12-29,1163.44,Expired
10,523,Life Insurance,2021-06-20,1167.65,Cancelled
11,785,Health Insurance,2023-03-25,1220.9,Active
12,452,SME Insurance,2024-11-29,775.76,Active
13,431,Health Insurance,2025-06-08,913.19,Active
14,793,SME Insurance,2021-05-12,686.17,Expired
15,606,Home Insurance,2020-04-28,1591.13,Active
16,713,Health Insurance,2022-09-07,357.74,Active
17,533,SME Insurance,2021-10-10,1661.44,Active
18,723,Health Insurance,2023-06-26,1754.54,Cancelled
19,652,Health Insurance,2020-02-26,1079.13,Cancelled
20,293,SME Insurance,2024-07-29,158.75,Cancelled
21,101,SME Insurance,2021-01-16,1055.48,Active
22,502,Auto Insurance,2022-07-09,1174.33,Expired
23,304,Health Insurance,2021-04-09,795.76,Active
24,540,Life Insurance,2025-03-05,993.91,Active
25,553,Health Insurance,2021-04-26,1812.08,Active
26,355,Health Insurance,2021-09-22,1465.97,Expired
27,303,SME Insurance,2025-08-03,830.17,Active
28,496,Health Insurance,2023-04-10,560.96,Cancelled
29,658,Health Insurance,2025-09-15,1069.19,Cancelled
30,768,Life Insurance,2023-01-24,1114.62,Active
31,227,SME Insurance,2024-08-28,1398.48,Active
32,236,Health Insurance,2025-05-30,985.87,Active
33,455,Home Insurance,2025-04-18,1404.6,Active
34,13,Auto Insurance,2022-09-25,1974.06,Active
35,210,Life Insurance,2025-02-13,1526.2,Active
36,741,Health Insurance,2021-08-15,1180.76,Expired
37,397,Home Insurance,2024-04-20,1126.74,Expired
38,100,Health Insurance,2022-02-19,1057.33,Active
39,31,Health Insurance,2025-09-12,1672.26,Active
40,528,SME Insurance,2021-07-13,949.07,Active
41,649,SME Insurance,2020-10-12,1218.09,Cancelled
42,329,SME Insurance,2023-02-05,1220.48,Cancelled
43,166,Home Insurance,2024-08-26,999.29,Active
44,459,Health Insurance,2023-10-24,651.01,Active
45,100,Auto Insurance,2025-09-10,1329.19,Cancelled
46,621,Life Insurance,2022-12-30,1175.6,Active
47,173,SME Insurance,2020-01-11,1400.1,Active
48,749,SME Insurance,2023-03-04,986.56,Active
49,162,Health Insurance,2023-05-07,1688.33,Active
50,728,Health Insurance,2025-06-28,849.29,Active
51,776,Home Insurance,2021-08-31,1884.82,Cancelled
52,263,Home Insurance,2025-01-03,500.95,Cancelled
53,274,SME Insurance,2025-06-06,1373.91,Active
54,3,Health Insurance,2023-11-14,1390.17,Expired
55,28,Auto Insurance,2023-09-23,881.78,Active
56,326,Life Insurance,2024-03-25,1369.76,Cancelled
57,149,Health Insurance,2025-02-08,1711.81,Active
58,540,Health Insurance,2023-08-11,313.27,Expired
59,488,Home Insurance,2022-02-11,1401.1,Expired
60,438,Life Insurance,2022-09-05,202.69,Active
61,65,SME Insurance,2024-04-17,813.73,Expired
62,356,Health Insurance,2022-08-14,1851.67,Cancelled
63,533,SME Insurance,2024-08-09,967.29,Cancelled
64,252,Health Insurance,2020-06-27,730.45,Active
65,235,SME Insurance,2023-07-27,1120.82,Cancelled
66,227,Life Insurance,2025-04-21,2027.16,Expired
67,525,Home Insurance,2024-04-10,467.33,Active
68,313,Life Insurance,2024-04-30,779.48,Expired
69,49,Auto Insurance,2021-09-15,1798.97,Active
70,118,Home Insurance,2025-07-21,1943.08,Active
71,54,Life Insurance,2020-05-31,1158.63,Active
72,650,Auto Insurance,2021-06-01,704.38,Active
73,565,Health Insurance,2025-08-19,2038.34,Active
74,44,Health Insurance,2023-09-21,1837.78,Active
75,53,SME Insurance,2021-02-15,1471.58,Expired
76,586,Home Insurance,2024-12-08,875.04,Active
77,558,Health Insurance,2021-02-12,1180.39,Active
78,525,Home Insurance,2025-11-24,1135.86,Active
79,677,Health Insurance,2025-02-14,1332.34,Active
80,102,SME Insurance,2020-03-03,1780.4,Expired
81,792,Life Insurance,2021-08-13,1551.77,Cancelled
82,770,SME Insurance,2024-08-06,769.05,Cancelled
83,398,Auto Insurance,2021-09-24,1750.6,Active
84,138,Health Insurance,2020-11-02,1325.25,Active
85,675,Auto Insurance,2025-04-07,1474.83,Active
86,387,Auto Insurance,2022-12-21,1786.62,Active
87,111,Home Insurance,2023-10-18,755.37,Active
88,614,Health Insurance,2024-06-16,1185.67,Cancelled
89,17,Auto Insurance,2020-11-24,987.42,Active
90,780,Life Insurance,2023-09-07,572.86,Cancelled
91,182,Auto Insurance,2025-12-25,1338.68,Active
92,536,Life Insurance,2024-04-05,2204.62,Active
93,541,Home Insurance,2023-07-21,463.97,Active
94,171,Auto Insurance,2025-06-21,1187.09,Active
95,409,SME Insurance,2020-05-27,1456.22,Expired
96,740,Home Insurance,2020-10-07,1249.23,Active
97,378,Life Insurance,2022-08-19,1154.75,Active
98,188,Home Insurance,2023-03-23,680.31,Expired
99,230,Auto Insurance,2022-07-20,1293.11,Active
100,119,Health Insurance,2021-01-05,897.29,Active
101,156,Health Insurance,2024-11-12,324.03,Active
102,784,Life Insurance,2021-02-07,1677.84,Active
103,687,Life Insurance,2021-02-15,1583.35,Cancelled
104,465,Health Insurance,2024-12-22,1220.66,Cancelled
105,104,Life Insurance,2021-11-12,1291.63,Expired
106,604,Home Insurance,2023-05-11,1629.73,Active
107,698,SME Insurance,2020-04-28,1289.74,Active
108,795,SME Insurance,2020-07-07,1561.61,Cancelled
109,502,Home Insurance,2023-08-21,1081.01,Active
110,693,SME Insurance,2020-08-17,1724.79,Active
111,682,Auto Insurance,2023-04-16,1328.31,Active
112,699,Home Insurance,2024-01-08,1277.62,Active
113,175,Life Insurance,2024-03-15,691.98,Active
114,734,Home Insurance,2024-10-30,1314.78,Expired
115,745,Health Insurance,2021-08-19,867.22,Expired
116,674,Life Insurance,2022-09-27,944.69,Active
117,421,Health Insurance,2025-12-15,873.85,Active
118,134,Life Insurance,2024-08-14,773.51,Active
119,391,SME Insurance,2022-01-07,2049.91,Expired
120,736,Home Insurance,2021-11-27,1732.54,Active
121,501,Auto Insurance,2021-12-18,1968.15,Cancelled
122,665,Life Insurance,2020-11-19,710.84,Active
123,33,Life Insurance,2024-04-15,1228.5,Active
124,55,Health Insurance,2022-09-13,682.6,Active
125,519,SME Insurance,2025-07-31,921.72,Cancelled
126,756,Health Insurance,2021-08-09,832.75,Active
127,638,Health Insurance,2022-08-09,1695.83,Active
128,12,SME Insurance,2025-03-03,1041.51,Active
129,528,Auto Insurance,2022-11-06,1627.35,Cancelled
130,720,Health Insurance,2025-02-25,1441.65,Expired
131,555,Health Insurance,2022-11-11,2121.46,Active
132,373,Life Insurance,2020-02-08,608.22,Expired
133,484,SME Insurance,2025-03-20,1703.69,Active
134,647,Home Insurance,2023-03-24,1658.58,Active
135,228,Auto Insurance,2021-10-09,810.65,Active
136,623,Auto Insurance,2020-10-29,1602.85,Active
137,307,SME Insurance,2024-12-14,1334.46,Cancelled
138,457,Life Insurance,2023-11-16,1109.01,Cancelled
139,160,Life Insurance,2023-05-10,870.43,Active
140,331,SME Insurance,2024-10-03,912.36,Active
141,776,Life Insurance,2022-10-21,2019.92,Cancelled
142,225,Auto Insurance,2025-02-14,1200.27,Expired
143,729,Auto Insurance,2023-05-22,1512.85,Active
144,504,Home Insurance,2022-03-26,883.64,Expired
145,456,SME Insurance,2024-04-24,888.06,Active
146,45,Health Insurance,2025-06-02,1632.79,Active
147,214,Health Insurance,2021-03-12,660.17,Cancelled
148,59,Home Insurance,2022-08-29,1033.91,Active
149,644,Home Insurance,2024-04-11,1213.61,Active
150,616,Life Insurance,2024-01-10,1244.55,Active
151,195,Home Insurance,2023-04-26,1128.36,Cancelled
152,489,Home Insurance,2023-04-24,1358.33,Cancelled
153,157,Health Insurance,2020-03-30,1477.14,Active
154,610,Life Insurance,2024-06-09,1493.86,Active
155,226,Home Insurance,2023-01-29,805.68,Active
156,412,Home Insurance,2020-02-03,1086.34,Active
157,205,Life Insurance,2020-07-19,1677.91,Active
158,79,SME Insurance,2025-07-27,1557.86,Cancelled
159,124,Life Insurance,2023-03-18,650.86,Active
160,471,Health Insurance,2022-07-31,1340.59,Active
161,218,SME Insurance,2023-12-14,408.71,Active
162,516,Auto Insurance,2022-06-16,1218.77,Active
163,602,Life Insurance,2022-02-17,1959.11,Expired
164,104,Health Insurance,2022-10-23,820.84,Active
165,393,SME Insurance,2021-07-14,866.27,Active
166,631,Life Insurance,2021-02-01,1505.61,Active
167,645,Home Insurance,2020-06-10,582.88,Active
168,608,Life Insurance,2023-06-19,946.9,Active
169,434,Auto Insurance,2024-12-10,1438.58,Active
170,331,Life Insurance,2020-05-16,946.29,Active
171,143,SME Insurance,2024-02-03,1105.61,Active
172,800,SME Insurance,2021-06-22,1497.67,Active
173,540,Life Insurance,2021-01-04,1368.62,Active
174,278,SME Insurance,2023-04-23,1306.73,Expired
175,233,Home Insurance,2023-08-31,1064.35,Active
176,529,Life Insurance,2024-08-28,1348.02,Active
177,571,Home Insurance,2021-12-20,1150.51,Active
178,90,Home Insurance,2022-04-02,1383.12,Active
179,492,Health Insurance,2021-06-25,1001.23,Cancelled
180,199,Life Insurance,2024-02-07,1126.97,Active
181,362,SME Insurance,2025-12-14,804.02,Cancelled
182,441,Home Insurance,2025-08-17,1186.0,Active
183,26,Health Insurance,2023-01-21,875.6,Active
184,25,Life Insurance,2021-11-04,754.38,Cancelled
185,394,Life Insurance,2022-11-18,1303.46,Active
186,507,Auto Insurance,2025-05-27,1285.1,Active
187,301,Auto Insurance,2023-04-23,1513.15,Active
188,339,Home Insurance,2023-10-19,1027.55,Cancelled
189,267,Auto Insurance,2021-04-16,1363.22,Active
190,461,Home Insurance,2025-04-02,1420.32,Expired
191,693,SME Insurance,2020-11-04,1377.91,Active
192,456,Home Insurance,2021-07-30,869.74,Expired
193,360,Auto Insurance,2022-07-13,1259.75,Active
194,68,SME Insurance,2024-06-15,1345.66,Cancelled
195,412,Auto Insurance,2024-02-07,1202.87,Active
196,491,Home Insurance,2021-01-04,365.41,Expired
197,49,Health Insurance,2024-06-04,1264.2,Active
198,687,Life Insurance,2020-02-27,2085.01,Active
199,564,Auto Insurance,2022-12-19,1055.98,Active
200,102,Home Insurance,2021-05-21,908.77,Active
201,216,SME Insurance,2025-02-05,1349.34,Active
202,438,Auto Insurance,2024-02-18,1324.95,Expired
203,700,Auto Insurance,2022-12-09,1677.09,Expired
204,569,Life Insurance,2024-04-09,696.85,Active
205,559,Home Insurance,2024-03-01,1492.55,Expired
206,159,Health Insurance,2021-03-19,1436.17,Active
207,489,SME Insurance,2022-08-15,1143.14,Active
208,686,Home Insurance,2025-04-15,1335.47,Cancelled
209,242,SME Insurance,2020-04-12,1611.78,Cancelled
210,794,Auto Insurance,2023-09-05,1548.93,Expired
211,753,Life Insurance,2022-06-25,742.79,Active
212,5,Life Insurance,2020-09-15,1528.06,Cancelled
213,596,Health Insurance,2025-03-16,1174.12,Active
214,361,Life Insurance,2023-05-22,1229.15,Active
215,459,Auto Insurance,2024-07-30,1229.28,Active
216,248,Health Insurance,2021-04-22,1139.9,Expired
217,566,Home Insurance,2021-07-26,1676.68,Cancelled
218,673,Life Insurance,2020-07-04,1166.51,Cancelled
219,422,Health Insurance,2020-06-01,752.18,Active
220,738,Auto Insurance,2023-05-31,1042.59,Active
221,15,SME Insurance,2025-07-10,1271.48,Active
222,736,SME Insurance,2021-04-20,1691.69,Active
223,573,Auto Insurance,2021-02-02,1441.24,Active
224,122,Auto Insurance,2022-08-19,859.79,Cancelled
225,277,SME Insurance,2021-07-09,2194.08,Active
226,558,Health Insurance,2024-05-10,1305.91,Active
227,453,SME Insurance,2025-02-01,1710.16,Active
228,390,Auto Insurance,2024-02-28,1139.31,Active
229,294,Life Insurance,2024-09-12,1413.34,Active
230,574,Home Insurance,2021-09-24,1535.79,Expired
231,598,Life Insurance,2024-08-26,1687.28,Active
232,446,Life Insurance,2021-02-09,1622.95,Cancelled
233,210,Auto Insurance,2025-06-27,1548.88,Active
234,590,SME Insurance,2024-07-29,1073.97,Active
235,714,Health Insurance,2023-02-19,971.3,Active
236,302,Life Insurance,2020-05-14,1333.04,Expired
237,223,SME Insurance,2024-02-26,1573.25,Cancelled
238,734,Health Insurance,2022-06-08,1110.91,Active
239,3,Life Insurance,2024-12-21,1626.07,Active
240,518,Health Insurance,2024-12-26,1781.05,Active
241,93,SME Insurance,2022-08-25,833.47,Active
242,520,Home Insurance,2024-01-25,865.23,Expired
243,428,SME Insurance,2021-02-10,1143.85,Active
244,493,Auto Insurance,2024-02-13,1323.05,Active
245,235,Health Insurance,2024-01-09,990.17,Active
246,620,Home Insurance,2020-09-05,1740.88,Active
247,161,Health Insurance,2024-06-18,1369.63,Active
248,721,Health Insurance,2023-02-04,1215.78,Active
249,752,Life Insurance,2022-02-16,625.64,Cancelled
250,331,Auto Insurance,2021-05-15,673.67,Cancelled
251,333,Health Insurance,2025-02-05,1312.4,Active
252,50,SME Insurance,2021-01-10,346.96,Cancelled
253,523,SME Insurance,2022-05-18,1605.05,Active
254,668,Life Insurance,2020-03-28,1136.74,Active
255,492,Auto Insurance,2020-07-26,2497.24,Active
256,582,Auto Insurance,2023-09-28,2123.17,Active
257,681,SME Insurance,2022-09-24,1127.42,Active
258,272,Home Insurance,2021-05-30,1157.47,Active
259,580,Life Insurance,2022-04-20,1598.23,Active
260,252,Life Insurance,2020-10-08,1881.27,Expired
261,560,SME Insurance,2022-04-28,544.79,Active
262,696,SME Insurance,2022-06-03,485.45,Active
263,699,Home Insurance,2022-08-12,951.19,Active
264,90,Home Insurance,2023-09-07,1433.1,Active
265,446,Auto Insurance,2021-08-27,1398.75,Active
266,332,Life Insurance,2020-01-12,1627.91,Cancelled
267,139,Life Insurance,2023-02-09,720.12,Active
268,357,SME Insurance,2021-08-15,273.54,Active
269,601,Auto Insurance,2021-06-16,1543.21,Active
270,274,Life Insurance,2022-10-23,868.72,Active
271,19,Auto Insurance,2021-12-15,392.6,Active
272,311,Auto Insurance,2021-03-26,1258.03,Active
273,154,SME Insurance,2020-04-15,1517.27,Active
274,390,Auto Insurance,2021-06-23,1151.18,Active
275,260,Home Insurance,2020-03-01,1016.86,Active
276,620,Home Insurance,2024-01-07,1136.26,Expired
277,797,Health Insurance,2022-09-01,1051.77,Active
278,571,SME Insurance,2023-08-19,660.78,Cancelled
279,125,Health Insurance,2020-03-05,914.13,Cancelled
280,354,Home Insurance,2021-12-14,1408.51,Active
281,273,Health Insurance,2022-12-22,1328.67,Active
282,619,SME Insurance,2020-08-02,1267.22,Active
283,245,SME Insurance,2021-06-03,801.94,Cancelled
284,450,Auto Insurance,2024-09-20,1127.4,Active
285,247,Life Insurance,2025-11-24,329.17,Cancelled
286,520,Auto Insurance,2021-04-10,1271.39,Expired
287,141,SME Insurance,2020-09-17,1771.54,Cancelled
288,362,Home Insurance,2025-05-04,610.35,Active
289,8,Home Insurance,2025-01-10,965.63,Active
290,478,Auto Insurance,2024-01-22,1331.64,Cancelled
291,352,SME Insurance,2025-10-03,1701.14,Active
292,495,Home Insurance,2021-03-22,1020.71,Active
293,606,SME Insurance,2025-01-25,923.1,Cancelled
294,427,Home Insurance,2025-08-25,412.43,Active
295,39,SME Insurance,2022-06-26,1241.38,Expired
296,593,Health Insurance,2020-06-26,2016.83,Cancelled
297,187,SME Insurance,2025-11-05,1310.94,Active
298,596,SME Insurance,2023-05-20,1191.09,Expired
299,600,Auto Insurance,2025-02-19,1328.83,Active
300,754,Health Insurance,2020-05-07,1195.56,Active
301,93,Life Insurance,2020-09-06,874.79,Active
302,86,Auto Insurance,2025-05-15,1529.31,Active
303,44,Life Insurance,2024-07-03,1290.3,Active
304,137,Home Insurance,2024-10-12,1207.05,Active
305,421,Life Insurance,2021-03-18,809.85,Active
306,74,SME Insurance,2025-07-01,1721.4,Active
307,548,Life Insurance,2024-12-21,1465.88,Cancelled
308,613,Auto Insurance,2020-10-28,978.83,Cancelled
309,512,Auto Insurance,2020-11-26,1600.73,Active
310,156,Life Insurance,2023-08-12,1000.97,Active
311,255,Auto Insurance,2021-08-30,887.2,Active
312,171,Auto Insurance,2020-09-26,896.12,Active
313,728,Life Insurance,2021-05-31,491.57,Cancelled
314,170,Health Insurance,2023-01-31,1388.62,Cancelled
315,764,Health Insurance,2023-08-24,467.54,Active
316,322,Home Insurance,2024-04-09,708.62,Active
317,567,Auto Insurance,2025-12-13,369.76,Active
318,456,Life Insurance,2023-04-22,1165.57,Active
319,603,Auto Insurance,2025-02-01,1139.87,Active
320,790,SME Insurance,2025-09-01,1069.32,Expired
321,613,Auto Insurance,2024-10-28,782.97,Cancelled
322,155,Auto Insurance,2021-02-10,731.11,Active
323,349,Health Insurance,2021-04-13,1385.75,Active
324,451,Life Insurance,2022-05-30,979.78,Expired
325,653,Auto Insurance,2024-10-27,1326.54,Active
326,173,Health Insurance,2025-01-23,845.9,Active
327,10,Home Insurance,2022-07-24,1272.43,Active
328,740,Health Insurance,2024-08-21,1721.31,Cancelled
329,265,Health Insurance,2023-10-20,1434.47,Active
330,438,Health Insurance,2025-01-31,1035.03,Cancelled
331,760,Auto Insurance,2024-06-21,1302.88,Expired
332,247,Auto Insurance,2024-08-30,1103.73,Expired
333,667,Home Insurance,2021-01-24,1203.15,Expired
334,546,SME Insurance,2023-07-04,1069.76,Active
335,499,SME Insurance,2024-10-14,1134.27,Active
336,129,SME Insurance,2023-07-04,1284.84,Cancelled
337,672,Home Insurance,2022-11-10,802.66,Cancelled
338,601,SME Insurance,2024-03-13,793.65,Active
339,605,SME Insurance,2021-09-17,644.58,Active
340,327,Health Insurance,2025-04-26,559.89,Cancelled
341,753,Auto Insurance,2020-10-01,713.09,Cancelled
342,404,Auto Insurance,2021-01-08,1263.79,Active
343,629,Health Insurance,2020-12-15,842.88,Active
344,606,Health Insurance,2021-01-16,1405.45,Active
345,675,Health Insurance,2024-11-03,1213.89,Active
346,611,Auto Insurance,2021-01-30,412.6,Active
347,625,SME Insurance,2024-03-06,1461.99,Active
348,359,Health Insurance,2021-06-16,1524.32,Active
349,603,Home Insurance,2020-09-02,802.45,Active
350,718,Health Insurance,2023-09-12,1368.08,Cancelled
351,17,Life Insurance,2021-05-15,857.4,Cancelled
352,274,Health Insurance,2024-08-09,1239.07,Active
353,685,Auto Insurance,2023-12-19,694.2,Active
354,116,Health Insurance,2024-09-28,482.76,Expired
355,693,Life Insurance,2020-07-29,1046.87,Active
356,91,Home Insurance,2023-03-24,1150.51,Expired
357,82,SME Insurance,2023-07-03,1040.93,Cancelled
358,324,Health Insurance,2023-12-11,726.39,Active
359,114,Life Insurance,2021-02-28,1040.04,Expired
360,769,Life Insurance,2025-09-09,1307.72,Active
361,58,Home Insurance,2022-05-21,1182.04,Active
362,154,Auto Insurance,2021-09-25,1273.0,Active
363,404,Health Insurance,2025-05-29,931.95,Active
364,628,Life Insurance,2022-07-07,1668.69,Expired
365,266,Home Insurance,2021-03-19,729.53,Active
366,315,SME Insurance,2023-12-05,1395.02,Active
367,715,Life Insurance,2024-02-14,1672.76,Active
368,41,Home Insurance,2021-04-15,1392.36,Cancelled
369,105,Auto Insurance,2023-02-15,1118.99,Active
370,193,Auto Insurance,2022-07-15,988.68,Active
371,401,Life Insurance,2024-10-23,1614.44,Cancelled
372,278,Life Insurance,2020-04-17,630.81,Active
373,354,Health Insurance,2022-12-31,811.95,Cancelled
374,749,Home Insurance,2020-04-28,1040.98,Active
375,733,Life Insurance,2022-01-08,1695.06,Cancelled
376,580,Health Insurance,2023-01-24,1351.91,Cancelled
377,709,Health Insurance,2023-06-19,812.78,Active
378,256,Life Insurance,2023-10-23,1075.88,Active
379,651,Auto Insurance,2023-12-08,954.27,Expired
380,661,Home Insurance,2020-01-26,916.08,Active
381,99,Home Insurance,2022-01-13,1591.56,Expired
382,588,Auto Insurance,2021-08-09,651.3,Active
383,282,Life Insurance,2024-06-29,1843.51,Active
384,403,Home Insurance,2020-10-12,1531.29,Active
385,109,Life Insurance,2021-08-04,1636.34,Expired
386,700,Life Insurance,2020-05-05,1014.82,Active
387,199,Health Insurance,2021-01-10,1140.02,Expired
388,303,Auto Insurance,2025-12-12,626.74,Expired
389,327,Life Insurance,2022-05-31,990.14,Active
390,154,SME Insurance,2024-03-20,1397.46,Active
391,552,Auto Insurance,2024-09-15,1718.43,Cancelled
392,645,Home Insurance,2025-02-01,757.14,Active
393,405,Health Insurance,2023-10-28,1053.8,Cancelled
394,462,Home Insurance,2021-10-06,1139.48,Active
395,132,Home Insurance,2024-02-24,641.68,Active
396,791,Auto Insurance,2023-06-30,1436.54,Cancelled
397,84,Home Insurance,2023-08-21,910.4,Active
398,399,Life Insurance,2020-12-13,1121.84,Active
399,754,Home Insurance,2020-08-03,1019.22,Active
400,628,Health Insurance,2021-09-29,884.26,Active
401,109,Health Insurance,2021-10-06,1197.18,Active
402,221,SME Insurance,2020-07-22,1113.76,Cancelled
403,553,Health Insurance,2020-11-30,1051.26,Active
404,368,Home Insurance,2023-01-19,908.62,Active
405,147,Health Insurance,2024-12-19,1327.81,Cancelled
406,112,Auto Insurance,2024-10-02,1861.45,Active
407,615,Health Insurance,2025-06-12,1255.95,Active
408,558,Life Insurance,2024-12-15,1598.45,Expired
409,494,Auto Insurance,2024-08-23,643.91,Cancelled
410,505,SME Insurance,2023-01-23,1263.1,Active
411,475,Life Insurance,2022-06-01,761.05,Active
412,271,Home Insurance,2025-09-29,609.23,Active
413,421,Home Insurance,2021-04-11,904.25,Active
414,707,Home Insurance,2023-11-14,1676.76,Active
415,367,Life Insurance,2024-10-26,1580.01,Active
416,280,Life Insurance,2021-03-30,1297.2,Active
417,283,Life Insurance,2023-03-06,586.92,Active
418,40,Auto Insurance,2025-06-16,1121.49,Active
419,189,Auto Insurance,2025-11-28,1320.68,Expired
420,164,Home Insurance,2023-06-17,1270.21,Active
421,536,Health Insurance,2020-07-05,462.48,Active
422,536,Home Insurance,2022-06-22,843.87,Active
423,4,SME Insurance,2024-06-06,1174.37,Active
424,290,Auto Insurance,2020-08-12,1414.52,Cancelled
425,433,Life Insurance,2020-02-01,321.55,Active
426,471,Auto Insurance,2022-04-17,1135.15,Active
427,181,Life Insurance,2023-05-19,1257.22,Active
428,248,SME Insurance,2022-05-15,1539.84,Cancelled
429,628,SME Insurance,2021-07-16,1477.14,Active
430,279,Auto Insurance,2022-11-12,1433.03,Active
431,581,Life Insurance,2023-03-31,880.02,Active
432,254,SME Insurance,2023-09-05,436.8,Active
433,181,Home Insurance,2021-05-06,1042.78,Active
434,681,Home Insurance,2020-02-01,1600.65,Active
435,509,Life Insurance,2025-07-30,1757.38,Cancelled
436,761,Auto Insurance,2024-10-29,1484.22,Cancelled
437,700,SME Insurance,2021-12-20,1371.74,Active
438,566,Auto Insurance,2021-06-13,1351.86,Active
439,326,Home Insurance,2024-04-06,977.55,Active
440,357,SME Insurance,2025-12-21,1147.98,Expired
441,650,Auto Insurance,2022-07-31,1867.63,Active
442,680,Health Insurance,2025-08-11,822.98,Cancelled
443,391,Life Insurance,2023-12-21,1845.91,Active
444,615,Life Insurance,2020-10-22,1071.19,Active
445,85,Health Insurance,2024-06-14,1730.17,Active
446,317,Home Insurance,2020-06-22,637.27,Active
447,212,SME Insurance,2024-11-21,1434.36,Expired
448,515,Life Insurance,2020-03-17,905.29,Expired
449,384,Health Insurance,2025-02-26,633.89,Active
450,691,Health Insurance,2020-11-14,1287.41,Active
451,342,Home Insurance,2023-07-06,1603.79,Expired
452,38,Home Insurance,2024-10-24,862.02,Cancelled
453,511,Auto Insurance,2024-07-14,600.39,Active
454,420,Life Insurance,2024-09-06,1163.26,Active
455,751,Auto Insurance,2023-03-31,1165.03,Active
456,169,Health Insurance,2021-04-16,1419.33,Active
457,343,SME Insurance,2024-07-17,1579.84,Active
458,306,SME Insurance,2020-03-26,1176.23,Active
459,542,Home Insurance,2023-08-23,1942.2,Active
460,702,SME Insurance,2021-12-04,1289.69,Active
461,537,SME Insurance,2025-02-27,1061.43,Active
462,112,SME Insurance,2024-01-22,555.37,Cancelled
463,411,Health Insurance,2020-12-26,1094.94,Cancelled
464,206,SME Insurance,2024-11-23,1065.45,Active
465,185,SME Insurance,2021-03-09,1584.12,Expired
466,382,SME Insurance,2022-09-23,1384.99,Expired
467,496,Auto Insurance,2024-11-19,728.25,Active
468,379,Health Insurance,2024-06-28,1268.9,Active
469,47,Home Insurance,2025-11-16,1468.61,Cancelled
470,740,Auto Insurance,2020-11-18,1811.21,Cancelled
471,551,Life Insurance,2024-06-09,1555.0,Expired
472,528,Health Insurance,2023-06-24,1504.34,Expired
473,504,Health Insurance,2023-10-22,1224.03,Active
474,22,Life Insurance,2022-06-26,1355.32,Active
475,213,Life Insurance,2023-09-26,1699.8,Active
476,310,Life Insurance,2021-11-19,666.89,Active
477,661,Home Insurance,2020-11-08,1060.22,Active
478,753,SME Insurance,2025-09-21,890.97,Active
479,272,Health Insurance,2021-04-12,1351.66,Active
480,571,SME Insurance,2025-12-13,1692.09,Cancelled
481,799,SME Insurance,2025-09-19,961.21,Active
482,202,Life Insurance,2022-03-05,243.88,Active
483,32,Home Insurance,2023-12-02,1035.11,Active
484,443,Auto Insurance,2023-12-09,1565.39,Active
485,162,Home Insurance,2021-08-27,1415.05,Cancelled
486,767,SME Insurance,2022-08-25,1371.27,Cancelled
487,254,Home Insurance,2021-02-25,1088.0,Expired
488,521,Life Insurance,2021-08-22,688.39,Active
489,651,Auto Insurance,2022-11-14,1406.12,Active
490,480,Life Insurance,2022-03-19,866.29,Active
491,10,Auto Insurance,2021-12-11,2073.64,Active
492,726,SME Insurance,2021-09-18,1428.2,Expired
493,505,Auto Insurance,2020-11-04,967.74,Cancelled
494,785,Auto Insurance,2021-12-26,955.45,Expired
495,560,Auto Insurance,2025-07-16,1162.82,Active
496,436,Home Insurance,2025-03-15,1104.2,Expired
497,111,Home Insurance,2025-01-12,1646.73,Active
498,153,SME Insurance,2023-08-16,1274.57,Expired
499,635,Auto Insurance,2023-07-18,907.35,Active
500,102,Health Insurance,2021-09-10,1956.18,Active
501,753,SME Insurance,2024-12-06,1219.72,Active
502,191,Auto Insurance,2020-10-06,1507.54,Expired
503,729,Auto Insurance,2025-04-04,956.71,Active
504,563,Home Insurance,2024-12-16,1345.25,Active
505,81,SME Insurance,2023-05-25,1324.44,Expired
506,489,Auto Insurance,2023-01-30,444.14,Active
507,88,Auto Insurance,2020-08-18,2006.11,Active
508,194,SME Insurance,2023-12-12,1716.26,Active
509,104,Health Insurance,2025-09-09,1041.12,Active
510,783,SME Insurance,2020-10-30,759.09,Expired
511,96,SME Insurance,2023-06-25,1339.02,Cancelled
512,423,Health Insurance,2025-03-06,1234.68,Active
513,198,SME Insurance,2025-01-25,1342.27,Expired
514,1,Auto Insurance,2020-06-03,1276.63,Active
515,407,SME Insurance,2020-08-21,1402.5,Active
516,378,Health Insurance,2024-02-19,1778.92,Active
517,167,Life Insurance,2023-03-21,1427.24,Active
518,509,SME Insurance,2020-11-10,780.14,Active
519,638,Home Insurance,2021-01-04,1745.03,Expired
520,313,Auto Insurance,2025-09-07,1856.25,Cancelled
521,593,Auto Insurance,2024-04-23,2460.82,Active
522,418,Home Insurance,2025-03-10,750.6,Active
523,763,Home Insurance,2020-06-17,1297.15,Cancelled
524,681,SME Insurance,2025-01-16,367.16,Expired
525,477,Home Insurance,2022-02-10,1421.26,Expired
526,73,Life Insurance,2023-08-09,980.72,Active
527,141,Health Insurance,2025-05-02,1969.38,Cancelled
528,582,Home Insurance,2025-08-15,890.15,Active
529,262,Home Insurance,2021-09-09,524.33,Active
530,340,Life Insurance,2020-09-10,1011.49,Active
531,308,Auto Insurance,2025-01-19,409.8,Active
532,245,Auto Insurance,2021-02-27,1500.44,Active
533,515,SME Insurance,2023-11-07,373.97,Active
534,337,Life Insurance,2020-12-11,1211.38,Active
535,575,Health Insurance,2025-08-28,368.88,Cancelled
536,561,Health Insurance,2021-12-07,1071.88,Active
537,76,Life Insurance,2020-06-09,1857.35,Active
538,175,Health Insurance,2022-10-11,1344.26,Active
539,109,Auto Insurance,2024-11-28,854.6,Expired
540,183,Health Insurance,2024-12-04,1187.52,Active
541,192,Health Insurance,2025-11-16,1207.21,Active
542,65,Life Insurance,2025-11-11,1389.05,Active
543,474,Life Insurance,2021-10-12,653.26,Cancelled
544,783,Health Insurance,2024-01-30,1437.03,Expired
545,100,Home Insurance,2024-03-07,118.24,Active
546,544,Life Insurance,2023-03-04,948.05,Active
547,128,SME Insurance,2024-05-05,1004.69,Expired
548,452,SME Insurance,2024-08-01,1453.33,Active
549,369,Auto Insurance,2023-10-17,1209.05,Active
550,43,Health Insurance,2020-08-02,637.77,Active
551,419,Home Insurance,2023-10-02,806.0,Active
552,488,Auto Insurance,2020-09-26,1279.47,Active
553,78,Health Insurance,2023-09-12,1168.37,Active
554,270,Life Insurance,2021-01-22,968.35,Cancelled
555,674,SME Insurance,2024-05-02,1007.67,Expired
556,701,Home Insurance,2023-03-09,1478.47,Active
557,759,SME Insurance,2022-10-29,992.92,Cancelled
558,728,Life Insurance,2021-09-07,1164.76,Active
559,315,Health Insurance,2023-09-27,2067.97,Active
560,168,Life Insurance,2020-11-29,630.53,Active
561,339,Life Insurance,2021-08-02,459.26,Expired
562,193,SME Insurance,2023-12-03,1513.44,Cancelled
563,453,Home Insurance,2023-06-24,928.54,Cancelled
564,283,Life Insurance,2024-05-24,1072.7,Cancelled
565,336,SME Insurance,2021-06-12,887.54,Active
566,390,Home Insurance,2020-12-13,1096.08,Expired
567,525,Health Insurance,2023-06-22,1839.42,Cancelled
568,240,Health Insurance,2024-03-22,1520.85,Expired
569,483,Auto Insurance,2023-09-07,1544.89,Active
570,659,SME Insurance,2021-06-07,633.51,Active
571,716,Home Insurance,2025-11-26,739.54,Active
572,592,Life Insurance,2021-01-17,64.37,Active
573,555,Health Insurance,2024-09-30,876.25,Active
574,458,Home Insurance,2025-09-13,1582.68,Active
575,89,SME Insurance,2024-01-22,1406.78,Active
576,660,Auto Insurance,2020-03-15,1111.39,Active
577,95,Health Insurance,2024-01-25,1191.08,Active
578,452,Home Insurance,2023-06-19,924.45,Active
579,428,Home Insurance,2022-01-08,1281.9,Expired
580,151,Home Insurance,2022-05-27,1506.35,Active
581,514,SME Insurance,2023-10-31,553.65,Active
582,376,SME Insurance,2025-06-14,1319.86,Cancelled
583,22,SME Insurance,2022-02-25,1572.97,Active
584,313,Life Insurance,2022-07-16,1033.96,Active
585,519,Home Insurance,2021-07-17,1480.28,Active
586,206,Health Insurance,2021-09-26,2325.86,Active
587,375,SME Insurance,2020-11-12,1158.26,Expired
588,451,SME Insurance,2023-04-26,1357.32,Active
589,626,Home Insurance,2021-02-18,904.78,Active
590,784,SME Insurance,2025-09-10,1272.5,Active
591,595,Life Insurance,2025-11-26,1384.11,Active
592,179,Life Insurance,2020-06-03,1277.94,Cancelled
593,210,SME Insurance,2023-10-11,792.12,Active
594,500,Home Insurance,2021-06-20,1282.54,Active
595,464,Home Insurance,2024-03-23,1784.88,Active
596,124,Home Insurance,2021-09-23,1379.45,Active
597,113,Auto Insurance,2021-10-26,1584.79,Active
598,12,SME Insurance,2022-01-10,1105.2,Cancelled
599,126,Home Insurance,2021-11-09,1499.96,Cancelled
600,565,Life Insurance,2024-11-27,1311.71,Expired
601,331,Health Insurance,2020-06-27,819.64,Expired
602,283,Health Insurance,2024-08-09,1327.41,Cancelled
603,140,Home Insurance,2024-02-01,803.32,Active
604,401,Health Insurance,2022-08-30,946.85,Cancelled
605,97,Health Insurance,2024-12-24,1275.73,Cancelled
606,517,Auto Insurance,2023-03-13,1318.9,Cancelled
607,569,Life Insurance,2025-01-12,724.31,Active
608,69,Life Insurance,2022-08-16,1621.59,Active
609,118,Auto Insurance,2025-12-27,1428.8,Cancelled
610,59,Auto Insurance,2022-09-06,918.11,Cancelled
611,33,Health Insurance,2023-06-21,584.97,Expired
612,318,SME Insurance,2025-04-05,1142.04,Active
613,50,Health Insurance,2022-03-05,1021.62,Active
614,489,Auto Insurance,2024-02-15,1245.26,Active
615,19,Life Insurance,2024-12-09,1054.75,Cancelled
616,726,Health Insurance,2025-03-06,397.02,Active
617,197,SME Insurance,2023-02-28,1044.66,Active
618,450,Health Insurance,2024-04-13,1077.75,Expired
619,559,Home Insurance,2025-08-21,1453.46,Active
620,679,Health Insurance,2025-11-30,920.72,Cancelled
621,452,Auto Insurance,2024-09-10,1871.47,Active
622,289,Life Insurance,2021-10-25,435.34,Cancelled
623,141,Life Insurance,2022-03-28,1724.47,Active
624,84,Auto Insurance,2021-07-20,1110.27,Expired
625,694,Home Insurance,2022-10-21,1543.83,Expired
626,391,Auto Insurance,2020-08-01,1231.92,Active
627,591,Health Insurance,2025-05-22,1655.82,Active
628,215,Auto Insurance,2024-02-29,1045.06,Active
629,526,Auto Insurance,2021-02-24,760.55,Cancelled
630,215,Home Insurance,2025-10-14,1768.2,Expired
631,403,Health Insurance,2021-05-25,1154.61,Active
632,128,SME Insurance,2023-03-13,1288.62,Active
633,477,SME Insurance,2020-12-09,1693.9,Active
634,760,Life Insurance,2021-10-18,787.22,Cancelled
635,404,Auto Insurance,2023-01-22,1438.2,Expired
636,29,Life Insurance,2025-01-14,964.04,Active
637,792,Home Insurance,2025-10-03,1147.13,Active
638,338,SME Insurance,2021-08-26,1228.91,Active
639,714,Auto Insurance,2024-11-26,599.91,Active
640,361,Home Insurance,2021-01-10,888.47,Active
641,569,Home Insurance,2022-06-28,1740.43,Active
642,392,Auto Insurance,2025-01-21,1554.48,Active
643,218,Home Insurance,2023-12-02,1174.94,Active
644,574,Auto Insurance,2020-04-19,1297.25,Active
645,669,Auto Insurance,2024-08-26,1082.3,Active
646,202,Health Insurance,2020-08-06,1742.63,Active
647,17,Life Insurance,2024-06-11,1119.86,Cancelled
648,322,Home Insurance,2025-08-18,1292.74,Cancelled
649,518,Home Insurance,2024-03-11,1658.41,Active
650,570,Health Insurance,2022-08-23,889.05,Active
651,325,Health Insurance,2024-04-30,1823.52,Cancelled
652,412,Health Insurance,2020-11-30,587.82,Expired
653,318,SME Insurance,2024-03-15,1851.86,Active
654,681,SME Insurance,2022-07-08,1050.93,Active
655,82,SME Insurance,2020-04-25,1102.92,Active
656,474,Auto Insurance,2023-07-29,444.0,Active
657,468,Home Insurance,2021-02-09,1018.08,Active
658,425,Life Insurance,2023-10-05,784.08,Active
659,731,Auto Insurance,2021-08-21,956.94,Cancelled
660,689,Home Insurance,2021-07-17,1145.08,Active
661,204,Home Insurance,2020-06-05,1583.12,Active
662,583,Health Insurance,2023-03-21,1283.04,Active
663,387,Health Insurance,2025-04-19,1323.07,Active
664,778,Auto Insurance,2021-07-22,761.79,Active
665,98,Health Insurance,2025-04-05,847.7,Active
666,345,Home Insurance,2025-01-11,1919.49,Expired
667,208,Health Insurance,2020-01-22,905.92,Active
668,514,SME Insurance,2020-11-20,1862.48,Cancelled
669,636,Health Insurance,2020-03-18,1102.78,Expired
670,792,Home Insurance,2022-11-14,1200.92,Active
671,586,Auto Insurance,2022-06-02,1628.15,Active
672,166,Life Insurance,2021-09-04,1708.76,Active
673,22,Health Insurance,2025-12-01,1155.67,Expired
674,154,Home Insurance,2024-09-29,1044.7,Expired
675,439,Life Insurance,2021-03-31,1177.63,Cancelled
676,295,Life Insurance,2023-03-26,1335.18,Active
677,219,SME Insurance,2022-08-31,1556.52,Cancelled
678,669,Life Insurance,2023-05-18,1201.69,Active
679,495,Home Insurance,2021-05-14,1447.55,Active
680,230,Home Insurance,2020-07-14,1855.34,Active
681,20,Health Insurance,2022-09-03,1352.52,Active
682,553,Health Insurance,2024-09-15,1324.66,Cancelled
683,148,Health Insurance,2025-02-15,592.44,Active
684,108,Life Insurance,2020-09-14,147.71,Active
685,403,Life Insurance,2021-03-30,1355.35,Active
686,596,SME Insurance,2025-08-09,1162.07,Expired
687,483,Health Insurance,2020-03-08,994.09,Cancelled
688,367,Auto Insurance,2025-10-11,1297.41,Active
689,414,SME Insurance,2022-09-17,1175.84,Active
690,309,Auto Insurance,2021-08-11,1651.11,Active
691,134,Life Insurance,2023-04-08,1234.44,Expired
692,719,SME Insurance,2024-10-24,901.23,Active
693,283,SME Insurance,2020-01-07,1596.07,Active
694,778,Home Insurance,2023-12-16,1113.15,Active
695,73,Life Insurance,2022-09-12,1410.61,Active
696,481,Life Insurance,2024-09-02,1009.04,Cancelled
697,352,SME Insurance,2022-02-06,940.07,Active
698,560,Life Insurance,2020-12-16,1233.67,Active
699,326,SME Insurance,2025-11-14,1205.13,Active
700,745,Home Insurance,2024-01-17,1391.93,Active
701,443,SME Insurance,2020-10-04,1092.54,Expired
702,100,Life Insurance,2025-11-24,465.46,Active
703,59,Life Insurance,2025-09-09,1026.89,Expired
704,508,SME Insurance,2025-09-10,1517.53,Cancelled
705,258,SME Insurance,2020-03-24,1081.05,Active
706,413,SME Insurance,2024-05-18,1101.45,Active
707,452,Health Insurance,2025-04-09,1594.55,Active
708,65,Life Insurance,2020-06-27,915.21,Cancelled
709,595,Life Insurance,2024-05-03,582.88,Active
710,154,Health Insurance,2024-03-09,1135.75,Active
711,266,SME Insurance,2022-11-04,1006.33,Active
712,79,Home Insurance,2020-03-07,813.5,Cancelled
713,315,SME Insurance,2024-01-02,1129.85,Active
714,662,SME Insurance,2020-10-03,1396.6,Active
715,560,Health Insurance,2023-11-13,1196.28,Active
716,248,Life Insurance,2022-09-14,1322.79,Active
717,790,SME Insurance,2021-02-28,1925.36,Cancelled
718,610,Life Insurance,2023-09-23,1062.85,Active
719,414,Auto Insurance,2021-06-30,1311.34,Cancelled
720,25,Life Insurance,2020-06-30,996.31,Cancelled
721,284,Home Insurance,2023-12-14,861.46,Active
722,449,Home Insurance,2023-10-18,966.04,Cancelled
723,301,SME Insurance,2021-12-18,1008.5,Active
724,68,Life Insurance,2025-03-18,1343.79,Active
725,7,SME Insurance,2025-05-14,2139.63,Cancelled
726,137,Health Insurance,2022-01-16,913.58,Active
727,164,Home Insurance,2021-07-06,1033.35,Active
728,83,SME Insurance,2020-09-15,1174.75,Active
729,650,Health Insurance,2025-02-17,1358.32,Expired
730,420,SME Insurance,2020-05-31,1305.42,Active
731,73,Life Insurance,2023-04-16,1713.64,Active
732,237,Life Insurance,2022-04-05,229.44,Active
733,46,Life Insurance,2020-06-28,245.23,Cancelled
734,618,Life Insurance,2022-03-28,1001.65,Cancelled
735,800,Auto Insurance,2020-06-20,1638.92,Active
736,262,Health Insurance,2023-07-16,573.74,Expired
737,176,Health Insurance,2023-06-24,3.05,Active
738,166,Life Insurance,2025-10-12,1428.47,Active
739,657,Auto Insurance,2024-06-19,1297.46,Expired
740,370,Life Insurance,2025-04-23,763.92,Expired
741,795,Auto Insurance,2022-11-03,805.78,Cancelled
742,54,Life Insurance,2020-05-29,812.1,Expired
743,690,Home Insurance,2022-02-21,1244.21,Active
744,419,Home Insurance,2023-03-17,949.47,Expired
745,756,SME Insurance,2024-01-02,1397.63,Active
746,507,Life Insurance,2020-07-14,58.15,Active
747,341,Health Insurance,2023-09-21,857.26,Active
748,127,SME Insurance,2023-01-24,749.58,Active
749,409,Home Insurance,2021-05-24,1097.46,Active
750,367,Life Insurance,2024-02-16,984.78,Active
751,271,SME Insurance,2024-11-24,1519.14,Active
752,644,Life Insurance,2024-06-26,456.27,Active
753,605,Home Insurance,2024-12-06,1218.2,Active
754,379,SME Insurance,2024-05-02,1423.33,Active
755,73,Home Insurance,2023-10-20,1942.66,Active
756,248,Auto Insurance,2022-02-04,1007.29,Cancelled
757,785,Home Insurance,2025-07-25,1329.78,Expired
758,43,Life Insurance,2025-07-30,478.45,Cancelled
759,377,Health Insurance,2024-02-13,243.22,Active
760,41,Home Insurance,2025-10-27,1537.91,Cancelled
761,170,Health Insurance,2022-12-28,1197.78,Active
762,212,Auto Insurance,2020-12-04,1671.41,Active
763,493,SME Insurance,2024-10-04,650.64,Active
764,680,SME Insurance,2020-11-19,1407.96,Cancelled
765,39,Health Insurance,2024-10-29,1947.53,Active
766,369,SME Insurance,2022-01-09,1367.88,Active
767,757,Home Insurance,2023-04-18,1310.63,Active
768,151,Health Insurance,2023-08-08,1203.42,Expired
769,111,Life Insurance,2021-02-24,571.65,Active
770,480,Home Insurance,2020-11-23,1742.23,Active
771,436,Home Insurance,2023-09-05,955.66,Active
772,47,Home Insurance,2023-04-25,1401.79,Active
773,575,Life Insurance,2023-06-09,574.79,Cancelled
774,737,Auto Insurance,2024-12-31,728.22,Active
775,366,SME Insurance,2024-10-11,1774.03,Expired
776,69,Health Insurance,2021-11-13,1061.08,Active
777,299,Auto Insurance,2024-12-23,1781.31,Cancelled
778,296,Health Insurance,2023-12-10,1168.71,Active
779,203,SME Insurance,2025-01-05,463.24,Active
780,61,Life Insurance,2020-06-22,1556.83,Active
781,314,Home Insurance,2023-12-15,964.04,Active
782,161,Home Insurance,2024-11-16,1479.48,Active
783,331,Life Insurance,2023-01-29,1210.08,Cancelled
784,528,Auto Insurance,2020-08-22,582.75,Active
785,338,Auto Insurance,2020-11-03,1265.72,Cancelled
786,606,Health Insurance,2024-07-21,2078.49,Cancelled
787,304,Life Insurance,2024-01-28,1397.19,Active
788,503,Auto Insurance,2025-10-02,1176.99,Cancelled
789,650,Life Insurance,2021-10-17,1630.14,Cancelled
790,338,SME Insurance,2020-05-07,1284.27,Active
791,550,Home Insurance,2021-08-07,1283.81,Cancelled
792,639,Home Insurance,2024-11-29,763.35,Active
793,275,Home Insurance,2020-05-22,1293.54,Active
794,164,Life Insurance,2021-06-01,1614.18,Cancelled
795,443,Life Insurance,2020-10-02,865.58,Active
796,319,Health Insurance,2022-08-24,1769.8,Active
797,589,Home Insurance,2024-02-09,1163.32,Active
798,504,Health Insurance,2024-01-23,844.89,Cancelled
799,686,Home Insurance,2024-04-17,1599.05,Expired
800,387,Health Insurance,2020-05-12,1085.28,Active
801,603,Health Insurance,2021-09-20,1503.81,Cancelled
802,750,SME Insurance,2025-01-16,1083.3,Expired
803,776,Health Insurance,2024-02-28,1176.07,Active
804,691,Life Insurance,2024-03-03,1397.42,Active
805,494,Health Insurance,2024-12-23,1316.36,Cancelled
806,490,Home Insurance,2020-11-10,401.79,Cancelled
807,721,Health Insurance,2021-07-17,751.5,Expired
808,73,Auto Insurance,2025-12-08,1571.76,Active
809,509,Home Insurance,2024-02-12,1147.15,Active
810,390,Auto Insurance,2024-06-18,990.51,Active
811,619,Home Insurance,2023-07-11,656.57,Active
812,295,Life Insurance,2023-02-15,768.11,Active
813,369,Life Insurance,2022-10-19,391.28,Cancelled
814,796,Life Insurance,2021-04-09,1159.49,Active
815,694,Auto Insurance,2020-04-16,960.62,Cancelled
816,549,SME Insurance,2022-02-01,813.36,Active
817,649,Home Insurance,2025-08-06,1172.75,Active
818,568,Life Insurance,2025-10-21,1345.59,Active
819,187,Home Insurance,2024-05-04,2037.28,Active
820,770,Auto Insurance,2021-04-27,595.25,Active
821,445,SME Insurance,2022-12-08,1663.75,Expired
822,570,Auto Insurance,2022-12-02,1589.24,Cancelled
823,363,Home Insurance,2025-01-01,888.36,Active
824,123,SME Insurance,2022-05-28,1281.29,Active
825,188,SME Insurance,2023-03-15,1016.95,Expired
826,742,Auto Insurance,2025-07-04,1274.28,Active
827,680,Life Insurance,2022-03-30,1803.65,Active
828,420,Home Insurance,2021-05-17,1442.24,Active
829,626,Health Insurance,2021-07-09,1403.44,Expired
830,252,Health Insurance,2020-10-30,1027.88,Active
831,619,Auto Insurance,2025-01-25,606.38,Active
832,549,Home Insurance,2021-12-08,1116.61,Expired
833,335,Home Insurance,2024-12-28,1682.64,Active
834,92,Auto Insurance,2020-12-25,589.13,Active
835,530,Home Insurance,2023-08-02,777.96,Active
836,63,Life Insurance,2023-11-24,1250.51,Expired
837,662,Auto Insurance,2020-09-22,806.14,Active
838,512,Life Insurance,2023-04-04,882.99,Expired
839,139,Home Insurance,2023-05-13,1030.56,Cancelled
840,698,Auto Insurance,2021-10-07,653.75,Active
841,185,Home Insurance,2021-12-14,810.35,Expired
842,205,Auto Insurance,2024-01-20,1481.37,Active
843,772,Home Insurance,2025-09-14,677.05,Active
844,214,Life Insurance,2022-07-07,560.85,Active
845,256,Life Insurance,2021-05-12,947.99,Active
846,135,Home Insurance,2022-04-03,1492.78,Active
847,573,Auto Insurance,2021-07-22,1121.23,Active
848,88,Health Insurance,2022-08-27,1014.17,Active
849,207,Life Insurance,2025-07-16,1217.74,Cancelled
850,129,Life Insurance,2020-04-17,501.72,Active
851,3,Health Insurance,2024-01-18,1397.88,Expired
852,754,Home Insurance,2024-02-20,1353.37,Active
853,121,Auto Insurance,2025-03-29,1036.28,Active
854,385,Home Insurance,2021-06-15,1602.37,Active
855,614,SME Insurance,2020-12-19,749.0,Active
856,38,Life Insurance,2020-09-26,1651.16,Active
857,341,SME Insurance,2023-06-20,1261.8,Cancelled
858,645,Life Insurance,2024-06-18,1065.38,Expired
859,714,Life Insurance,2025-05-14,1192.05,Expired
860,21,SME Insurance,2025-11-23,1157.09,Active
861,242,SME Insurance,2024-08-09,1688.11,Expired
862,455,Home Insurance,2024-08-04,769.33,Active
863,621,SME Insurance,2020-10-29,894.99,Active
864,303,Home Insurance,2021-05-28,1614.52,Expired
865,596,Home Insurance,2023-07-22,961.79,Active
866,595,Home Insurance,2020-10-30,1560.21,Active
867,69,Life Insurance,2025-01-17,1879.77,Active
868,129,Life Insurance,2025-03-23,1039.28,Active
869,196,SME Insurance,2025-10-20,1472.54,Cancelled
870,140,Life Insurance,2023-11-12,738.52,Active
871,444,SME Insurance,2021-06-09,1501.89,Expired
872,283,Life Insurance,2022-01-15,1279.77,Active
873,312,Auto Insurance,2021-06-12,1389.22,Active
874,746,Auto Insurance,2024-11-07,941.77,Active
875,535,SME Insurance,2025-08-21,535.57,Active
876,665,Life Insurance,2020-08-14,1401.3,Active
877,277,Life Insurance,2021-05-23,374.64,Cancelled
878,61,Home Insurance,2025-10-23,1073.06,Expired
879,319,Health Insurance,2021-09-18,1576.47,Expired
880,52,SME Insurance,2023-05-30,1276.76,Cancelled
881,153,Health Insurance,2021-11-05,1979.34,Expired
882,749,Health Insurance,2021-10-25,1610.04,Active
883,311,SME Insurance,2023-08-14,938.44,Cancelled
884,544,Life Insurance,2022-07-12,1210.93,Active
885,567,SME Insurance,2023-11-18,1181.05,Active
886,389,Health Insurance,2025-10-26,567.13,Active
887,548,Life Insurance,2023-03-09,823.84,Active
888,622,Auto Insurance,2020-11-19,975.7,Active
889,177,SME Insurance,2022-10-23,385.51,Expired
890,362,SME Insurance,2022-03-15,1219.0,Active
891,314,Life Insurance,2023-01-29,1100.37,Active
892,97,Auto Insurance,2021-05-27,530.84,Active
893,213,Auto Insurance,2023-05-25,1361.69,Active
894,137,Life Insurance,2025-12-25,1486.35,Active
895,6,Home Insurance,2021-01-17,1290.81,Active
896,109,SME Insurance,2025-08-20,1070.37,Active
897,547,SME Insurance,2021-11-21,1436.58,Active
898,39,Health Insurance,2021-09-23,1472.09,Cancelled
899,662,Life Insurance,2021-12-02,1322.96,Cancelled
900,425,Health Insurance,2023-10-14,870.16,Active
901,630,Health Insurance,2020-06-17,1310.64,Active
902,261,Auto Insurance,2020-04-26,1678.19,Active
903,426,SME Insurance,2020-11-28,961.35,Cancelled
904,87,Health Insurance,2020-07-05,2039.18,Active
905,465,Auto Insurance,2022-12-20,989.75,Active
906,76,Life Insurance,2022-05-13,1212.96,Cancelled
907,471,Health Insurance,2024-09-02,931.01,Active
908,414,SME Insurance,2020-05-04,1289.31,Active
909,726,Health Insurance,2025-08-01,503.11,Active
910,457,Life Insurance,2023-04-01,981.58,Expired
911,285,Health Insurance,2023-05-22,763.15,Expired
912,239,SME Insurance,2025-06-01,1254.14,Cancelled
913,677,Auto Insurance,2022-09-30,1597.78,Active
914,599,SME Insurance,2024-07-21,1458.4,Active
915,653,Auto Insurance,2023-05-03,251.34,Expired
916,672,Home Insurance,2025-01-31,2016.83,Expired
917,558,SME Insurance,2020-10-25,1318.11,Active
918,372,SME Insurance,2020-09-02,889.4,Cancelled
919,495,Life Insurance,2021-10-09,1262.85,Active
920,624,Health Insurance,2024-12-05,1270.48,Active
921,45,Auto Insurance,2024-08-29,933.26,Cancelled
922,401,Auto Insurance,2025-06-06,1279.17,Active
923,247,Life Insurance,2025-03-17,957.01,Expired
924,616,Life Insurance,2022-04-15,1038.26,Active
925,597,Health Insurance,2023-10-25,925.49,Active
926,450,Health Insurance,2021-08-11,626.93,Expired
927,485,SME Insurance,2023-07-04,1258.33,Expired
928,646,Home Insurance,2023-07-31,1434.12,Active
929,620,Health Insurance,2023-11-15,1405.95,Active
930,18,Life Insurance,2024-06-21,1527.97,Active
931,606,Health Insurance,2021-06-19,1329.74,Active
932,662,Auto Insurance,2024-02-26,986.91,Expired
933,758,Home Insurance,2025-10-10,1535.87,Expired
934,289,SME Insurance,2021-03-10,656.99,Active
935,414,Auto Insurance,2023-07-31,839.73,Active
936,721,Auto Insurance,2022-09-17,814.32,Active
937,638,Home Insurance,2025-03-25,1632.02,Expired
938,235,SME Insurance,2021-05-16,1577.12,Active
939,416,Life Insurance,2022-12-31,1394.92,Active
940,499,SME Insurance,2025-01-15,1628.77,Active
941,634,Health Insurance,2022-10-12,848.29,Active
942,650,Auto Insurance,2021-07-31,1339.44,Active
943,115,Health Insurance,2021-01-31,1149.93,Active
944,674,Life Insurance,2020-07-26,1538.75,Expired
945,713,Health Insurance,2023-04-03,1153.91,Expired
946,234,SME Insurance,2024-04-22,1046.02,Cancelled
947,540,Health Insurance,2024-09-08,1416.36,Active
948,11,Life Insurance,2022-10-13,1550.47,Active
949,206,Life Insurance,2021-10-16,932.66,Active
950,679,Life Insurance,2023-09-03,1175.57,Active
951,247,SME Insurance,2023-07-04,776.62,Expired
952,559,Life Insurance,2022-02-16,200.78,Active
953,758,Auto Insurance,2021-10-14,1280.18,Active
954,127,Life Insurance,2025-08-02,1443.56,Expired
955,147,Health Insurance,2025-10-09,1304.83,Expired
956,118,Health Insurance,2025-03-27,420.18,Active
957,382,Health Insurance,2025-08-04,1059.66,Active
958,412,SME Insurance,2023-06-17,312.66,Active
959,664,Health Insurance,2025-07-30,1747.88,Active
960,584,SME Insurance,2020-04-04,765.58,Active
961,363,SME Insurance,2021-01-03,1702.16,Active
962,509,Life Insurance,2024-05-29,1578.35,Expired
963,137,Auto Insurance,2025-09-01,839.76,Active
964,175,Life Insurance,2025-02-15,746.89,Active
965,289,Life Insurance,2022-09-13,1340.15,Active
966,481,SME Insurance,2022-05-31,862.27,Active
967,19,SME Insurance,2023-12-16,1240.99,Expired
968,195,Health Insurance,2020-07-18,1006.87,Active
969,330,Health Insurance,2020-07-26,487.54,Active
970,175,Life Insurance,2023-02-26,307.81,Active
971,449,Home Insurance,2025-07-20,1290.67,Cancelled
972,354,Home Insurance,2025-04-11,975.38,Active
973,499,Health Insurance,2023-03-16,978.76,Cancelled
974,141,Home Insurance,2020-02-03,1478.35,Active
975,758,Health Insurance,2021-03-16,1669.38,Active
976,93,SME Insurance,2024-10-31,1090.98,Active
977,239,Life Insurance,2021-07-02,1063.76,Expired
978,205,Auto Insurance,2022-12-19,1400.06,Expired
979,560,Life Insurance,2024-02-07,657.23,Active
980,433,Health Insurance,2024-07-09,1289.26,Active
981,245,Health Insurance,2024-02-07,1420.75,Active
982,317,Life Insurance,2020-07-04,1472.09,Active
983,295,Health Insurance,2024-06-28,425.3,Active
984,640,Home Insurance,2020-07-28,895.46,Expired
985,282,Home Insurance,2022-03-08,848.69,Expired
986,17,Health Insurance,2024-01-24,1239.95,Active
987,71,Health Insurance,2023-03-28,1392.3,Active
988,269,Home Insurance,2020-10-28,1798.68,Expired
989,325,Health Insurance,2024-05-01,1002.01,Cancelled
990,794,Health Insurance,2025-08-27,1000.97,Active
991,305,Life Insurance,2025-01-18,1659.87,Active
992,451,Auto Insurance,2023-02-19,1318.63,Active
993,7,Home Insurance,2021-05-01,1707.06,Active
994,314,Life Insurance,2021-06-11,1315.49,Active
995,103,Auto Insurance,2021-01-31,737.15,Active
996,193,Health Insurance,2024-06-01,666.75,Active
997,753,Health Insurance,2024-03-08,579.4,Active
998,574,Life Insurance,2023-10-20,1464.82,Active
999,529,Health Insurance,2024-02-06,1675.44,Active
1000,171,SME Insurance,2021-08-13,1939.74,Cancelled
1001,537,Life Insurance,2022-03-26,1537.24,Expired
1002,251,Auto Insurance,2025-09-16,1665.14,Active
1003,765,Life Insurance,2024-07-02,967.99,Active
1004,387,Home Insurance,2025-08-10,737.43,Expired
1005,207,Life Insurance,2020-06-13,1540.03,Active
1006,541,Health Insurance,2020-07-04,1367.07,Active
1007,629,Health Insurance,2020-06-08,1242.98,Active
1008,416,SME Insurance,2021-07-15,1354.95,Active
1009,794,SME Insurance,2023-09-26,1329.27,Active
1010,380,SME Insurance,2025-04-24,1713.53,Expired
1011,144,Auto Insurance,2025-10-28,1717.99,Active
1012,25,SME Insurance,2025-02-14,1417.69,Active
1013,668,Auto Insurance,2021-09-02,1538.32,Expired
1014,73,SME Insurance,2025-10-12,1405.63,Active
1015,632,Auto Insurance,2021-07-26,1015.53,Active
1016,93,Life Insurance,2023-09-05,1502.63,Active
1017,505,Life Insurance,2023-07-28,642.2,Active
1018,598,Health Insurance,2021-10-27,1621.56,Active
1019,336,Auto Insurance,2024-05-28,722.19,Active
1020,425,Home Insurance,2023-05-10,1314.32,Active
1021,499,Health Insurance,2023-10-09,861.94,Cancelled
1022,364,Life Insurance,2025-09-08,1421.36,Active
1023,630,Auto Insurance,2025-09-18,1186.43,Active
1024,745,SME Insurance,2025-12-20,562.1,Active
1025,199,Home Insurance,2025-06-29,1368.28,Active
1026,718,Life Insurance,2023-05-12,968.83,Active
1027,413,Health Insurance,2025-04-29,1552.46,Expired
1028,339,Auto Insurance,2020-03-09,1200.53,Active
1029,659,Home Insurance,2024-02-17,1358.17,Active
1030,429,Auto Insurance,2023-09-18,816.97,Cancelled
1031,783,SME Insurance,2021-03-24,964.27,Active
1032,139,Health Insurance,2024-09-02,1016.54,Active
1033,693,Auto Insurance,2023-06-14,1542.68,Cancelled
1034,542,Life Insurance,2020-04-19,1870.95,Expired
1035,57,Health Insurance,2025-04-27,877.93,Cancelled
1036,232,Life Insurance,2022-12-23,1630.74,Active
1037,658,Auto Insurance,2022-07-21,332.13,Active
1038,435,Health Insurance,2020-07-29,722.32,Cancelled
1039,384,Life Insurance,2025-05-21,816.49,Active
1040,560,SME Insurance,2021-11-29,659.0,Active
1041,194,SME Insurance,2025-11-17,566.56,Expired
1042,736,Auto Insurance,2024-04-06,1365.2,Active
1043,648,Health Insurance,2021-08-28,1114.37,Cancelled
1044,534,Home Insurance,2022-09-19,1351.76,Active
1045,518,Health Insurance,2020-05-09,1476.19,Active
1046,716,SME Insurance,2021-03-26,1306.25,Active
1047,751,Life Insurance,2022-02-20,1463.11,Cancelled
1048,185,Home Insurance,2020-03-18,1172.19,Active
1049,292,Auto Insurance,2024-12-11,725.2,Active
1050,335,Home Insurance,2023-07-08,1623.13,Cancelled
1051,732,Auto Insurance,2024-09-11,964.36,Cancelled
1052,116,Home Insurance,2021-09-12,825.76,Expired
1053,49,Auto Insurance,2024-08-18,1128.83,Active
1054,685,Auto Insurance,2022-04-15,834.88,Active
1055,82,Home Insurance,2024-08-07,1033.03,Expired
1056,333,Home Insurance,2025-08-17,1337.62,Active
1057,557,Auto Insurance,2025-04-15,1339.34,Active
1058,335,SME Insurance,2020-09-12,840.87,Active
1059,532,Home Insurance,2021-07-19,1004.92,Cancelled
1060,221,Health Insurance,2025-10-25,1629.73,Active
1061,635,Life Insurance,2022-04-29,1398.56,Cancelled
1062,746,Auto Insurance,2023-08-24,2030.03,Active
1063,733,Auto Insurance,2025-05-13,1672.05,Active
1064,323,Life Insurance,2025-11-22,1657.72,Active
1065,3,SME Insurance,2024-03-23,644.85,Active
1066,694,Life Insurance,2023-07-09,1505.54,Active
1067,206,Home Insurance,2021-12-10,1178.76,Active
1068,40,Life Insurance,2025-02-25,979.61,Active
1069,59,Auto Insurance,2025-12-23,1267.21,Cancelled
1070,574,Life Insurance,2023-11-03,1578.08,Cancelled
1071,644,Health Insurance,2023-12-22,1400.33,Cancelled
1072,507,Home Insurance,2022-12-18,848.61,Active
1073,572,Life Insurance,2025-06-06,1496.98,Active
1074,122,Auto Insurance,2022-02-26,944.96,Active
1075,479,Home Insurance,2022-10-06,1286.67,Expired
1076,619,Auto Insurance,2023-02-16,1078.66,Cancelled
1077,96,SME Insurance,2023-05-07,1112.45,Cancelled
1078,414,Health Insurance,2022-07-10,1506.5,Active
1079,235,SME Insurance,2023-05-04,783.92,Active
1080,62,Health Insurance,2023-03-29,1978.08,Active
1081,256,Life Insurance,2022-04-29,471.57,Active
1082,561,Home Insurance,2025-06-25,960.93,Active
1083,348,Life Insurance,2023-07-22,1348.08,Expired
1084,671,Health Insurance,2025-05-19,1433.73,Active
1085,124,Health Insurance,2023-11-29,1159.81,Active
1086,482,Health Insurance,2023-01-25,1177.04,Active
1087,317,Auto Insurance,2023-03-24,1364.22,Expired
1088,504,Home Insurance,2021-05-14,1107.57,Active
1089,719,Life Insurance,2024-04-04,1757.27,Cancelled
1090,48,Life Insurance,2024-06-04,1535.74,Expired
1091,409,SME Insurance,2023-11-14,1549.13,Active
1092,136,Health Insurance,2021-08-22,813.54,Active
1093,201,Health Insurance,2023-04-04,1168.24,Active
1094,250,Health Insurance,2020-06-21,1079.81,Active
1095,314,Life Insurance,2023-03-24,797.76,Cancelled
1096,368,SME Insurance,2020-11-19,1344.07,Cancelled
1097,429,Auto Insurance,2023-11-19,984.94,Active
1098,480,Home Insurance,2024-12-16,1462.16,Active
1099,314,Auto Insurance,2022-11-16,771.92,Active
1100,500,Life Insurance,2025-05-16,1887.62,Active
1101,721,Health Insurance,2022-05-26,841.47,Active
1102,355,Home Insurance,2022-04-07,1287.72,Active
1103,485,Life Insurance,2023-01-15,1516.74,Active
1104,211,Life Insurance,2023-01-17,971.74,Cancelled
1105,704,Life Insurance,2021-07-16,1540.99,Active
1106,44,Home Insurance,2021-03-23,708.33,Active
1107,541,Home Insurance,2022-09-07,1780.85,Active
1108,571,SME Insurance,2022-09-20,1205.66,Expired
1109,583,SME Insurance,2020-07-26,961.44,Active
1110,92,Auto Insurance,2025-12-15,1080.33,Active
1111,265,Home Insurance,2022-07-13,1523.57,Active
1112,220,Home Insurance,2022-08-11,966.22,Cancelled
1113,442,Home Insurance,2020-08-03,900.26,Active
1114,401,SME Insurance,2021-02-14,1111.39,Cancelled
1115,400,Life Insurance,2024-08-19,729.22,Expired
1116,727,Health Insurance,2023-09-14,1928.22,Cancelled
1117,789,SME Insurance,2025-04-18,973.44,Active
1118,576,Home Insurance,2021-02-15,1532.65,Active
1119,490,SME Insurance,2021-07-17,1283.79,Active
1120,485,Auto Insurance,2020-01-22,806.19,Expired
1121,757,Home Insurance,2021-10-08,1197.62,Active
1122,470,Auto Insurance,2024-07-24,1513.6,Active
1123,574,Home Insurance,2025-05-02,1124.7,Cancelled
1124,682,SME Insurance,2025-05-09,1677.25,Active
1125,445,Life Insurance,2022-03-27,1608.61,Active
1126,269,Health Insurance,2023-03-22,1567.57,Active
1127,267,Auto Insurance,2023-08-08,1016.14,Active
1128,54,SME Insurance,2023-03-15,768.06,Cancelled
1129,528,Life Insurance,2020-08-30,954.56,Active
1130,520,SME Insurance,2021-01-01,1278.5,Active
1131,616,Auto Insurance,2022-08-09,1418.31,Active
1132,59,Health Insurance,2025-12-31,331.37,Cancelled
1133,40,SME Insurance,2020-06-01,1196.75,Cancelled
1134,237,Home Insurance,2021-12-18,1263.24,Active
1135,386,Life Insurance,2024-09-07,1088.98,Active
1136,606,SME Insurance,2021-12-21,1716.51,Active
1137,734,Life Insurance,2020-05-28,1368.71,Expired
1138,716,Home Insurance,2024-06-14,1724.08,Active
1139,650,Health Insurance,2025-07-22,1113.62,Cancelled
1140,300,Health Insurance,2022-02-02,1574.99,Active
1141,395,Home Insurance,2023-03-31,1854.03,Active
1142,207,Life Insurance,2020-06-02,1724.68,Active
1143,336,SME Insurance,2020-02-07,763.14,Expired
1144,593,Home Insurance,2023-05-07,1098.53,Active
1145,730,Auto Insurance,2021-03-15,1061.93,Expired
1146,514,Life Insurance,2023-10-04,1395.7,Active
1147,178,Health Insurance,2023-03-11,1474.54,Active
1148,396,Home Insurance,2025-02-04,864.44,Active
1149,371,Health Insurance,2025-11-17,1227.14,Cancelled
1150,791,Life Insurance,2025-07-16,392.03,Active
1151,658,Health Insurance,2021-07-03,1776.78,Expired
1152,318,Home Insurance,2025-08-27,995.05,Expired
1153,736,Life Insurance,2025-04-01,1222.35,Expired
1154,369,Auto Insurance,2023-01-22,1076.14,Active
1155,384,Home Insurance,2022-02-28,1658.41,Cancelled
1156,62,SME Insurance,2021-04-06,65.0,Cancelled
1157,505,Home Insurance,2023-09-16,1193.36,Active
1158,239,Life Insurance,2021-10-27,1157.67,Active
1159,195,Home Insurance,2025-02-22,1018.55,Active
1160,678,Auto Insurance,2022-11-19,1890.49,Active
1161,222,Auto Insurance,2022-02-01,845.07,Active
1162,61,SME Insurance,2020-02-27,1508.72,Active
1163,129,Health Insurance,2023-10-12,1342.5,Active
1164,685,Life Insurance,2023-04-23,1704.61,Active
1165,156,Life Insurance,2022-03-02,933.12,Active
1166,378,Health Insurance,2021-12-19,906.81,Active
1167,622,Auto Insurance,2024-07-18,1638.43,Active
1168,781,Auto Insurance,2024-10-17,1370.13,Active
1169,790,Home Insurance,2025-10-11,582.03,Active
1170,586,SME Insurance,2023-09-05,984.28,Active
1171,437,SME Insurance,2020-12-21,1354.55,Active
1172,207,SME Insurance,2024-06-29,1535.11,Cancelled
1173,388,Home Insurance,2021-01-25,928.31,Active
1174,480,SME Insurance,2022-01-26,34.3,Cancelled
1175,791,Health Insurance,2021-07-29,1409.29,Active
1176,340,Home Insurance,2025-05-09,711.87,Active
1177,340,Health Insurance,2023-08-18,393.06,Active
1178,204,Home Insurance,2022-10-13,67.07,Active
1179,161,SME Insurance,2020-01-28,1525.59,Cancelled
1180,540,Health Insurance,2022-12-04,1251.45,Active
1181,392,Health Insurance,2024-04-20,1109.74,Active
1182,769,Health Insurance,2022-08-22,1755.61,Active
1183,677,Home Insurance,2025-01-03,1454.93,Active
1184,575,Life Insurance,2022-12-29,1846.52,Expired
1185,534,SME Insurance,2023-09-12,642.91,Cancelled
1186,70,Health Insurance,2023-05-21,1186.18,Active
1187,405,Life Insurance,2020-02-16,553.31,Active
1188,608,SME Insurance,2022-12-07,1108.25,Active
1189,675,SME Insurance,2024-01-12,1100.55,Cancelled
1190,591,Health Insurance,2022-08-25,1450.65,Active
1191,517,Health Insurance,2020-09-11,1218.23,Active
1192,120,Home Insurance,2021-04-29,1449.36,Expired
1193,690,Life Insurance,2025-03-21,1481.38,Active
1194,688,Life Insurance,2023-06-10,2061.97,Active
1195,217,Health Insurance,2021-10-16,1073.88,Expired
1196,56,SME Insurance,2024-07-18,823.59,Active
1197,366,Health Insurance,2025-08-20,1298.43,Active
1198,699,SME Insurance,2023-06-27,879.09,Active
1199,504,SME Insurance,2021-04-25,1792.78,Active
1200,744,Health Insurance,2023-04-23,1086.71,Active
